Family,IP Address,Port Number,Hosting Range,Domain Name,Second Level,Last Seen
redline,5.42.65.63,14707,5.42.64.0/22,,,2024-06-07
redline,194.26.232.43,20746,194.26.232.0/24,,,2024-06-07
njrat,186.99.155.196,8093,186.99.128.0/18,njnegro8093.duckdns.org,duckdns.org,2024-06-07
redline,185.172.128.33,8970,185.172.128.0/24,,,2024-06-07
redline,185.215.113.67,40960,185.215.113.0/24,,,2024-06-07
njrat,80.253.239.170,31089,80.253.224.0/20,,,2024-06-07
lokibot,104.21.65.180,80,104.21.0.0/17,rocheholding.top,rocheholding.top,2024-06-07
njrat,3.124.67.191,15023,3.120.0.0/13,7.tcp.eu.ngrok.io,ngrok.io,2024-06-06
njrat,3.6.122.107,10680,3.6.0.0/15,0.tcp.in.ngrok.io,ngrok.io,2024-06-06
njrat,18.192.93.86,11520,18.192.0.0/13,2.tcp.eu.ngrok.io,ngrok.io,2024-06-06
njrat,147.185.221.17,11278,147.185.221.0/24,results-ownership.gl.at.ply.gg,ply.gg,2024-06-06
redline,94.156.67.67,46629,94.156.64.0/21,,,2024-06-06
njrat,18.192.31.165,17739,18.192.0.0/13,0.tcp.eu.ngrok.io,ngrok.io,2024-06-06
njrat,3.125.102.39,17739,3.120.0.0/13,0.tcp.eu.ngrok.io,ngrok.io,2024-06-06
njrat,147.185.221.20,9426,147.185.221.0/24,so-taxi.gl.at.ply.gg,ply.gg,2024-06-06
lokibot,3.94.10.34,80,3.88.0.0/13,erxst.info,erxst.info,2024-06-05
lokibot,172.67.168.154,80,172.67.0.0/16,giampaolidolciaria.cfd,giampaolidolciaria.cfd,2024-06-05
njrat,147.185.221.19,43028,147.185.221.0/24,an-taxi.gl.at.ply.gg,ply.gg,2024-06-05
lokibot,172.67.165.74,80,172.67.0.0/16,rocheholding.top,rocheholding.top,2024-06-05
redline,147.45.47.93,80,147.45.47.0/24,,,2024-06-05
lokibot,31.192.235.208,80,31.192.232.0/21,mtuogioanis.com,mtuogioanis.com,2024-06-04
njrat,95.179.228.20,1177,95.179.128.0/17,seznam.zapto.org,zapto.org,2024-06-04
njrat,95.179.228.20,5050,95.179.128.0/17,seznam.zapto.org,zapto.org,2024-06-04
njrat,3.64.4.198,15212,3.64.0.0/12,5.tcp.eu.ngrok.io,ngrok.io,2024-06-04
njrat,18.158.58.205,15212,18.156.0.0/14,5.tcp.eu.ngrok.io,ngrok.io,2024-06-04
nanocore,192.169.69.25,54989,192.169.68.0/22,54989.duckdns.org,duckdns.org,2024-06-04
lokibot,188.114.96.2,80,188.114.96.0/22,ulysse-cazabonne.cam,ulysse-cazabonne.cam,2024-06-04
lokibot,54.39.105.175,80,54.36.0.0/14,automatia.in,automatia.in,2024-06-04
lokibot,93.123.39.160,80,93.123.39.0/24,namex-na.com,namex-na.com,2024-06-04
redline,43.155.163.53,24543,43.154.0.0/15,,,2024-06-04
njrat,192.169.69.25,5552,192.169.68.0/22,win32.duckdns.org,duckdns.org,2024-06-03
nanocore,192.169.69.26,4156,192.169.68.0/22,bnow.duckdns.org,duckdns.org,2024-06-03
lokibot,31.220.40.22,80,31.220.40.0/23,,,2024-06-02
lokibot,185.159.153.84,80,185.159.152.0/22,pendarcc.ir,pendarcc.ir,2024-06-02
lokibot,185.53.177.13,80,185.53.176.0/22,www.dnacharting.com,dnacharting.com,2024-06-02
lokibot,147.78.103.81,80,147.78.103.0/24,namex-na.com,namex-na.com,2024-06-02
redline,13.60.40.107,1912,13.60.0.0/15,,,2024-06-02
njrat,193.161.193.99,44070,193.161.193.0/24,,,2024-06-02
njrat,160.176.174.24,10000,160.176.0.0/14,doddyfire.linkpc.net,linkpc.net,2024-06-02
njrat,3.125.102.39,16276,3.120.0.0/13,0.tcp.eu.ngrok.io,ngrok.io,2024-06-02
njrat,3.14.182.203,16424,3.8.0.0/13,0.tcp.ngrok.io,ngrok.io,2024-06-02
njrat,3.17.7.232,16424,3.16.0.0/13,0.tcp.ngrok.io,ngrok.io,2024-06-02
njrat,3.134.125.175,16424,3.128.0.0/12,0.tcp.ngrok.io,ngrok.io,2024-06-02
njrat,209.25.140.211,23521,209.25.140.0/22,tips-prairie.at.ply.gg,ply.gg,2024-06-02
njrat,3.124.142.205,18801,3.120.0.0/13,0.tcp.eu.ngrok.io,ngrok.io,2024-06-02
njrat,18.192.31.165,18801,18.192.0.0/13,0.tcp.eu.ngrok.io,ngrok.io,2024-06-02
njrat,18.158.249.75,18801,18.156.0.0/14,0.tcp.eu.ngrok.io,ngrok.io,2024-06-02
lokibot,91.223.223.236,80,91.223.223.0/24,tkanilux.com.ua,com.ua,2024-06-02
nanocore,192.169.69.25,7019,192.169.68.0/22,haul.duckdns.org,duckdns.org,2024-06-01
lokibot,31.220.1.98,80,31.220.0.0/22,,,2024-06-01
redline,85.192.20.120,9999,85.192.20.0/24,,,2024-06-01
lokibot,23.227.38.32,80,23.227.38.0/23,allbou.com,allbou.com,2024-05-31
lokibot,46.148.39.131,80,46.148.39.0/24,sempersim.su,sempersim.su,2024-05-31
lokibot,172.67.222.157,80,172.67.0.0/16,tampabayllc.top,tampabayllc.top,2024-05-31
lokibot,104.21.46.21,80,104.21.0.0/17,tampabayllc.top,tampabayllc.top,2024-05-31
redline,5.42.65.129,2353,5.42.64.0/22,,,2024-05-31
njrat,3.127.138.57,17169,3.120.0.0/13,2.tcp.eu.ngrok.io,ngrok.io,2024-05-31
nanocore,216.218.135.117,3344,216.218.128.0/18,crsiedem7.ddns.net,ddns.net,2024-05-31
lokibot,154.204.78.151,80,154.204.64.0/18,valdepian.com,valdepian.com,2024-05-31
nanocore,94.156.69.232,65024,94.156.64.0/21,december2nd.ddns.net,ddns.net,2024-05-31
njrat,34.125.100.30,5050,34.124.0.0/15,ronymahmoud.casacam.net,casacam.net,2024-05-31
njrat,193.161.193.99,42772,193.161.193.0/24,gorodpro-42772.portmap.host,portmap.host,2024-05-31
njrat,49.13.194.118,5552,49.12.0.0/15,,,2024-05-31
njrat,3.124.142.205,443,3.120.0.0/13,tcp.ngrok.io,ngrok.io,2024-05-31
njrat,18.192.31.165,443,18.192.0.0/13,tcp.ngrok.io,ngrok.io,2024-05-31
njrat,3.22.30.40,16424,3.16.0.0/13,0.tcp.ngrok.io,ngrok.io,2024-05-30
njrat,147.185.221.19,49671,147.185.221.0/24,,,2024-05-30
njrat,91.92.241.69,5555,91.92.240.0/20,,,2024-05-30
njrat,147.185.221.19,45758,147.185.221.0/24,19.ip.gl.ply.gg,ply.gg,2024-05-30
njrat,192.169.69.25,1338,192.169.68.0/22,microsoft-ipv6.duckdns.org,duckdns.org,2024-05-30
njrat,209.25.141.211,23521,209.25.140.0/22,tips-prairie.at.ply.gg,ply.gg,2024-05-30
njrat,46.246.86.11,2054,46.246.64.0/18,anti2020.duckdns.org,duckdns.org,2024-05-30
nanocore,93.123.39.66,6318,93.123.39.0/24,zaragoza.ddns.net,ddns.net,2024-05-30
lokibot,203.209.197.31,80,203.209.192.0/20,geckoplumbing.com.au,com.au,2024-05-30
lokibot,51.68.167.104,80,51.68.0.0/16,,,2024-05-30
lokibot,216.137.178.203,80,216.137.176.0/20,www.matantalbenna.com,matantalbenna.com,2024-05-30
lokibot,34.246.200.160,80,34.240.0.0/12,abscete.info,abscete.info,2024-05-30
lokibot,89.34.237.212,80,89.34.236.0/23,,,2024-05-30
lokibot,54.80.154.23,80,54.80.0.0/13,blesblochem.com,blesblochem.com,2024-05-30
nanocore,184.105.237.195,10010,184.105.236.0/23,franex.gotdns.ch,gotdns.ch,2024-05-28
njrat,45.76.129.156,5050,45.76.0.0/15,seznam.zapto.org,zapto.org,2024-05-28
lokibot,64.190.63.222,80,64.190.62.0/23,ciston.nut.cc,nut.cc,2024-05-28
lokibot,192.169.69.25,80,192.169.68.0/22,jumbie.duckdns.org,duckdns.org,2024-05-28
redline,109.107.182.39,7771,109.107.182.0/24,,,2024-05-28
redline,51.195.53.197,13914,51.195.0.0/16,,,2024-05-28
lokibot,172.67.175.19,80,172.67.0.0/16,metallc.top,metallc.top,2024-05-28
lokibot,188.114.97.2,80,188.114.96.0/22,rocheholding.top,rocheholding.top,2024-05-28
lokibot,192.3.209.101,80,192.3.208.0/20,,,2024-05-28
nanocore,147.78.103.240,1974,147.78.103.0/24,psolver827.ddns.net,ddns.net,2024-05-28
njrat,105.154.226.162,10000,105.154.0.0/16,doddyfire.linkpc.net,linkpc.net,2024-05-27
lokibot,64.190.63.222,80,64.190.62.0/23,lolibes.nut.cc,nut.cc,2024-05-27
nanocore,185.216.70.147,6318,185.216.70.0/24,zaragoza.ddns.net,ddns.net,2024-05-27
lokibot,64.190.63.222,80,64.190.62.0/23,fiseriy.nut.cc,nut.cc,2024-05-27
lokibot,54.244.188.177,80,54.244.0.0/14,theonlygoodman.com,theonlygoodman.com,2024-05-27
redline,149.28.222.15,44506,149.28.128.0/17,,,2024-05-27
njrat,197.202.219.104,555,197.202.0.0/15,x555hd.ddns.net,ddns.net,2024-05-27
lokibot,31.220.2.200,80,31.220.0.0/22,,,2024-05-27
redline,5.42.65.115,40551,5.42.64.0/22,,,2024-05-27
njrat,147.185.221.19,32384,147.185.221.0/24,control-road.gl.at.ply.gg,ply.gg,2024-05-27
njrat,45.76.129.156,1177,45.76.0.0/15,seznam.zapto.org,zapto.org,2024-05-26
lokibot,172.67.204.114,80,172.67.0.0/16,edgewell.cam,edgewell.cam,2024-05-26
njrat,18.192.93.86,10092,18.192.0.0/13,2.tcp.eu.ngrok.io,ngrok.io,2024-05-26
njrat,18.157.68.73,10092,18.156.0.0/14,2.tcp.eu.ngrok.io,ngrok.io,2024-05-26
njrat,18.197.239.5,10092,18.192.0.0/13,2.tcp.eu.ngrok.io,ngrok.io,2024-05-26
njrat,18.156.13.209,10092,18.156.0.0/14,2.tcp.eu.ngrok.io,ngrok.io,2024-05-26
njrat,3.127.138.57,10092,3.120.0.0/13,2.tcp.eu.ngrok.io,ngrok.io,2024-05-26
njrat,3.126.37.18,10092,3.120.0.0/13,2.tcp.eu.ngrok.io,ngrok.io,2024-05-26
njrat,3.67.161.133,14522,3.64.0.0/12,5.tcp.eu.ngrok.io,ngrok.io,2024-05-26
njrat,3.127.181.115,14522,3.120.0.0/13,5.tcp.eu.ngrok.io,ngrok.io,2024-05-26
njrat,3.64.4.198,14522,3.64.0.0/12,5.tcp.eu.ngrok.io,ngrok.io,2024-05-26
njrat,18.158.58.205,14522,18.156.0.0/14,5.tcp.eu.ngrok.io,ngrok.io,2024-05-26
njrat,18.192.31.165,15881,18.192.0.0/13,0.tcp.eu.ngrok.io,ngrok.io,2024-05-26
njrat,3.66.38.117,17680,3.64.0.0/12,6.tcp.eu.ngrok.io,ngrok.io,2024-05-26
njrat,105.154.228.100,10000,105.154.0.0/16,doddyfire.linkpc.net,linkpc.net,2024-05-26
njrat,192.169.69.25,3042,192.169.68.0/22,njratnew.duckdns.org,duckdns.org,2024-05-26
redline,89.23.100.222,44528,89.23.100.0/23,,,2024-05-26
njrat,41.142.211.38,10000,41.142.192.0/19,doddyfire.linkpc.net,linkpc.net,2024-05-25
njrat,147.185.221.18,41414,147.185.221.0/24,authority-amazon.gl.at.ply.gg,ply.gg,2024-05-25
njrat,3.121.139.82,14200,3.120.0.0/13,4.tcp.eu.ngrok.io,ngrok.io,2024-05-25
nanocore,192.169.69.26,60705,192.169.68.0/22,december2n.duckdns.org,duckdns.org,2024-05-25
njrat,192.169.69.25,2054,192.169.68.0/22,medallos.duckdns.org,duckdns.org,2024-05-25
njrat,192.169.69.25,5060,192.169.68.0/22,denemeciiso.duckdns.org,duckdns.org,2024-05-25
njrat,147.185.221.19,39657,147.185.221.0/24,these-accommodation.gl.at.ply.gg,ply.gg,2024-05-25
njrat,160.177.77.232,10000,160.176.0.0/14,doddyfire.linkpc.net,linkpc.net,2024-05-24
nanocore,192.169.69.26,65024,192.169.68.0/22,december2n.duckdns.org,duckdns.org,2024-05-24
nanocore,184.105.237.195,10008,184.105.236.0/23,franex.gotdns.ch,gotdns.ch,2024-05-24
njrat,147.185.221.17,41021,147.185.221.0/24,every-unnecessary.gl.at.ply.gg,ply.gg,2024-05-24
njrat,147.185.221.19,54921,147.185.221.0/24,19.ip.gl.ply.gg,ply.gg,2024-05-24
nanocore,192.169.69.25,3615,192.169.68.0/22,getmoney3004.duckdns.org,duckdns.org,2024-05-24
redline,40.121.142.114,6709,40.121.0.0/16,,,2024-05-23
njrat,3.125.209.94,13265,3.120.0.0/13,0.tcp.eu.ngrok.io,ngrok.io,2024-05-23
njrat,3.125.223.134,13265,3.120.0.0/13,0.tcp.eu.ngrok.io,ngrok.io,2024-05-23
nanocore,185.216.70.125,1974,185.216.70.0/24,psolver827.ddns.net,ddns.net,2024-05-23
njrat,160.176.158.157,10000,160.176.0.0/14,doddyfire.linkpc.net,linkpc.net,2024-05-23
lokibot,34.205.242.146,80,34.204.0.0/14,shipboot.com,shipboot.com,2024-05-23
njrat,188.226.118.231,1527,188.226.0.0/17,njratvtope30.ddns.net,ddns.net,2024-05-23
lokibot,130.51.23.8,80,130.51.20.0/22,sssteell-com.asia,sssteell-com.asia,2024-05-23
nanocore,104.243.242.165,1620,104.243.242.0/23,newsddawork.3utilities.com,3utilities.com,2024-05-23
njrat,18.158.249.75,18134,18.156.0.0/14,0.tcp.eu.ngrok.io,ngrok.io,2024-05-23
njrat,3.124.142.205,18134,3.120.0.0/13,0.tcp.eu.ngrok.io,ngrok.io,2024-05-23
njrat,3.125.223.134,18134,3.120.0.0/13,0.tcp.eu.ngrok.io,ngrok.io,2024-05-23
lokibot,107.154.163.162,80,107.154.128.0/18,wonderbooth.com.my,com.my,2024-05-23
njrat,18.158.58.205,15949,18.156.0.0/14,5.tcp.eu.ngrok.io,ngrok.io,2024-05-23
lokibot,198.54.114.219,80,198.54.112.0/20,hydeoutent.com,hydeoutent.com,2024-05-23
njrat,105.104.48.230,5552,105.104.0.0/13,spygate.myftp.biz,myftp.biz,2024-05-23
njrat,196.64.243.43,10000,196.64.0.0/15,doddyfire.linkpc.net,linkpc.net,2024-05-22
njrat,209.25.141.2,42240,209.25.140.0/22,19.ip.gl.ply.gg,ply.gg,2024-05-22
njrat,209.25.141.2,42759,209.25.140.0/22,19.ip.gl.ply.gg,ply.gg,2024-05-22
njrat,209.25.141.2,41730,209.25.140.0/22,19.ip.gl.ply.gg,ply.gg,2024-05-22
njrat,209.25.141.2,43778,209.25.140.0/22,19.ip.gl.ply.gg,ply.gg,2024-05-22
njrat,147.185.221.19,60143,147.185.221.0/24,19.ip.gl.ply.gg,ply.gg,2024-05-22
njrat,209.25.141.2,42754,209.25.140.0/22,19.ip.gl.ply.gg,ply.gg,2024-05-22
redline,193.233.255.34,1111,193.233.255.0/24,,,2024-05-22
lokibot,192.185.129.109,80,192.185.129.0/24,infres.in,infres.in,2024-05-22
lokibot,172.67.166.59,80,172.67.0.0/16,merckllc.top,merckllc.top,2024-05-22
njrat,45.76.129.156,5050,45.76.0.0/16,seznam.zapto.org,zapto.org,2024-05-22
njrat,18.197.239.5,10614,18.192.0.0/13,2.tcp.eu.ngrok.io,ngrok.io,2024-05-22
njrat,18.192.93.86,10614,18.192.0.0/13,2.tcp.eu.ngrok.io,ngrok.io,2024-05-22
njrat,3.126.37.18,10614,3.120.0.0/13,2.tcp.eu.ngrok.io,ngrok.io,2024-05-22
njrat,3.127.138.57,10614,3.120.0.0/13,2.tcp.eu.ngrok.io,ngrok.io,2024-05-22
njrat,35.158.159.254,17748,35.156.0.0/14,4.tcp.eu.ngrok.io,ngrok.io,2024-05-21
njrat,41.249.41.48,10000,41.249.0.0/17,doddyfire.linkpc.net,linkpc.net,2024-05-21
njrat,147.185.221.19,47823,147.185.221.0/24,production-reservation.gl.at.ply.gg,ply.gg,2024-05-21
redline,5.42.65.85,45779,5.42.64.0/22,,,2024-05-21
njrat,160.178.192.178,10000,160.176.0.0/14,doddyfire.linkpc.net,linkpc.net,2024-05-21
njrat,147.185.221.18,21679,147.185.221.0/24,survey-dover.gl.at.ply.gg,ply.gg,2024-05-21
lokibot,188.114.96.2,80,188.114.96.0/22,spencerstuartllc.top,spencerstuartllc.top,2024-05-21
lokibot,172.67.156.11,80,172.67.0.0/16,spencerstuartllc.top,spencerstuartllc.top,2024-05-21
nanocore,94.156.68.219,2323,94.156.64.0/21,,,2024-05-21
lokibot,103.48.119.160,80,103.48.119.0/24,fashionstune.com,fashionstune.com,2024-05-21
lokibot,172.67.177.101,80,172.67.0.0/16,ransomproducts.top,ransomproducts.top,2024-05-21
nanocore,192.169.69.25,59712,192.169.68.0/22,kartelicemoney.duckdns.org,duckdns.org,2024-05-21
nanocore,109.248.151.181,1996,109.248.151.0/24,xpwarzonlin2.ddns.net,ddns.net,2024-05-20
njrat,160.179.60.231,10000,160.176.0.0/14,doddyfire.linkpc.net,linkpc.net,2024-05-20
redline,185.215.113.67,26260,185.215.113.0/24,,,2024-05-20
njrat,3.125.102.39,14088,3.120.0.0/13,0.tpc.eu.ngrok.io,ngrok.io,2024-05-20
njrat,3.125.209.94,14088,3.120.0.0/13,0.tpc.eu.ngrok.io,ngrok.io,2024-05-20
njrat,18.158.249.75,14088,18.156.0.0/14,0.tpc.eu.ngrok.io,ngrok.io,2024-05-20
njrat,3.125.223.134,14088,3.120.0.0/13,0.tpc.eu.ngrok.io,ngrok.io,2024-05-20
njrat,18.192.31.165,14088,18.192.0.0/13,0.tpc.eu.ngrok.io,ngrok.io,2024-05-20
njrat,3.124.142.205,14088,3.120.0.0/13,0.tpc.eu.ngrok.io,ngrok.io,2024-05-20
njrat,41.249.104.99,10000,41.249.0.0/17,doddyfire.linkpc.net,linkpc.net,2024-05-20
lokibot,188.114.96.2,80,188.114.96.0/22,altaskifer.sbs,altaskifer.sbs,2024-05-20
lokibot,172.67.148.126,80,172.67.0.0/16,altaskifer.sbs,altaskifer.sbs,2024-05-20
njrat,3.125.102.39,14740,3.120.0.0/13,0.tcp.eu.ngrok.io,ngrok.io,2024-05-20
njrat,3.125.223.134,14740,3.120.0.0/13,0.tcp.eu.ngrok.io,ngrok.io,2024-05-20
njrat,3.125.209.94,14740,3.120.0.0/13,0.tcp.eu.ngrok.io,ngrok.io,2024-05-20
lokibot,51.38.187.10,80,51.38.0.0/16,,,2024-05-20
njrat,105.154.100.36,10000,105.154.0.0/16,doddyfire.linkpc.net,linkpc.net,2024-05-20
njrat,199.223.235.67,5050,199.223.232.0/22,seznam.zapto.org,zapto.org,2024-05-20
nanocore,192.169.69.25,482,192.169.68.0/22,tomcoyne.duckdns.org,duckdns.org,2024-05-20
nanocore,192.169.69.25,83,192.169.68.0/22,meeti.duckdns.org,duckdns.org,2024-05-20
lokibot,3.18.7.81,80,3.16.0.0/13,shipboot.com,shipboot.com,2024-05-20
njrat,147.185.221.19,56071,147.185.221.0/24,subjects-handbook.gl.at.ply.gg,ply.gg,2024-05-19
njrat,3.69.157.220,15748,3.64.0.0/12,6.tcp.eu.ngrok.io,ngrok.io,2024-05-19
njrat,3.68.171.119,13006,3.64.0.0/12,6.tcp.eu.ngrok.io,ngrok.io,2024-05-19
njrat,18.197.239.109,13006,18.192.0.0/13,6.tcp.eu.ngrok.io,ngrok.io,2024-05-19
njrat,3.69.157.220,13006,3.64.0.0/12,6.tcp.eu.ngrok.io,ngrok.io,2024-05-19
njrat,3.125.102.39,19473,3.120.0.0/13,0.tcp.eu.ngrok.io,ngrok.io,2024-05-19
njrat,18.192.31.165,19473,18.192.0.0/13,0.tcp.eu.ngrok.io,ngrok.io,2024-05-19
njrat,18.158.249.75,19473,18.156.0.0/14,0.tcp.eu.ngrok.io,ngrok.io,2024-05-19
nanocore,192.169.69.25,40000,192.169.68.0/22,wae54.duckdns.org,duckdns.org,2024-05-19
nanocore,192.169.69.25,2506,192.169.68.0/22,nikt0x.duckdns.org,duckdns.org,2024-05-19
lokibot,198.144.229.143,80,198.144.224.0/20,eastcoastrest.com,eastcoastrest.com,2024-05-18
njrat,52.28.112.211,19554,52.24.0.0/13,4.tcp.eu.ngrok.io,ngrok.io,2024-05-18
njrat,147.185.221.19,26075,147.185.221.0/24,,,2024-05-18
redline,185.215.151.236,16678,185.215.151.0/24,,,2024-05-18
njrat,80.92.204.233,7765,80.92.204.0/23,,,2024-05-18
njrat,147.185.221.19,55286,147.185.221.0/24,an-take.gl.at.ply.gg,ply.gg,2024-05-18
njrat,147.185.221.19,55286,147.185.221.0/24,,,2024-05-18
njrat,192.169.69.26,1954,192.169.68.0/22,cihan05.duckdns.org,duckdns.org,2024-05-18
njrat,3.13.191.225,15743,3.8.0.0/13,0.tcp.ngrok.io,ngrok.io,2024-05-18
njrat,3.17.7.232,15743,3.16.0.0/13,0.tcp.ngrok.io,ngrok.io,2024-05-18
nanocore,184.105.237.196,1122,184.105.236.0/23,ruffella.ddns.net,ddns.net,2024-05-18
njrat,147.185.221.19,55286,147.185.221.0/24,19.ip.gl.ply.gg,ply.gg,2024-05-18
redline,152.228.175.121,23581,152.228.128.0/17,,,2024-05-17
njrat,41.249.51.52,10000,41.249.0.0/17,doddyfire.linkpc.net,linkpc.net,2024-05-17
njrat,184.105.237.195,7412,184.105.236.0/23,supporknowledgebase.ddns.net,ddns.net,2024-05-17
njrat,147.185.221.19,54934,147.185.221.0/24,allows-hindu.gl.at.ply.gg,ply.gg,2024-05-17
lokibot,104.21.51.81,80,104.21.0.0/17,ransomproducts.top,ransomproducts.top,2024-05-17
nanocore,94.156.66.54,65140,94.156.64.0/21,december2n.duckdns.org,duckdns.org,2024-05-17
nanocore,192.169.69.26,65140,192.169.68.0/22,december2n.duckdns.org,duckdns.org,2024-05-17
njrat,41.142.192.216,10000,41.142.192.0/19,doddyfire.linkpc.net,linkpc.net,2024-05-16
nanocore,192.169.69.26,7719,192.169.68.0/22,moranhq.duckdns.org,duckdns.org,2024-05-16
lokibot,95.217.59.29,80,95.216.0.0/15,en.mg-trade.ir,mg-trade.ir,2024-05-16
njrat,45.245.96.209,1177,45.245.96.0/20,venomm.ddns.net,ddns.net,2024-05-16
nanocore,91.92.253.11,65024,91.92.240.0/20,december2nd.ddns.net,ddns.net,2024-05-16
lokibot,103.74.123.3,80,103.74.120.0/22,mediagift.vn,mediagift.vn,2024-05-16
lokibot,104.21.50.30,80,104.21.0.0/17,spencerstuartllc.top,spencerstuartllc.top,2024-05-16
njrat,160.176.173.93,10000,160.176.0.0/14,doddyfire.linkpc.net,linkpc.net,2024-05-15
lokibot,45.90.57.51,80,45.90.56.0/22,,,2024-05-15
njrat,147.185.221.19,52445,147.185.221.0/24,tool-seven.gl.at.ply.gg,ply.gg,2024-05-15
njrat,35.158.159.254,11598,35.156.0.0/14,4.tcp.eu.ngrok.io,ngrok.io,2024-05-15
njrat,3.127.59.75,11598,3.120.0.0/13,4.tcp.eu.ngrok.io,ngrok.io,2024-05-15
njrat,18.198.77.177,11598,18.192.0.0/13,4.tcp.eu.ngrok.io,ngrok.io,2024-05-15
njrat,18.197.239.5,14141,18.192.0.0/13,2.tcp.eu.ngrok.io,ngrok.io,2024-05-15
lokibot,3.64.163.50,80,3.64.0.0/12,kingu.xyz,kingu.xyz,2024-05-15
lokibot,91.195.241.232,80,91.195.240.0/23,jayp.eu,jayp.eu,2024-05-15
lokibot,34.91.32.224,80,34.88.0.0/14,abscete.info,abscete.info,2024-05-15
nanocore,192.169.69.25,58580,192.169.68.0/22,lordblessme.duckdns.org,duckdns.org,2024-05-15
njrat,3.125.223.134,12194,3.120.0.0/13,0.tcp.eu.ngrok.io,ngrok.io,2024-05-15
njrat,3.125.102.39,12194,3.120.0.0/13,0.tcp.eu.ngrok.io,ngrok.io,2024-05-15
njrat,3.125.209.94,12194,3.120.0.0/13,0.tcp.eu.ngrok.io,ngrok.io,2024-05-15
njrat,45.245.103.148,5555,45.245.96.0/20,venomm.ddns.net,ddns.net,2024-05-15
njrat,192.169.69.25,1992,192.169.68.0/22,okilometros.duckdns.org,duckdns.org,2024-05-14
njrat,3.124.142.205,12272,3.120.0.0/13,0.tcp.eu.ngrok.io,ngrok.io,2024-05-14
redline,194.36.178.33,47454,194.36.178.0/23,,,2024-05-14
lokibot,188.114.97.2,80,188.114.96.0/22,franccoisfreres.com,franccoisfreres.com,2024-05-14
lokibot,104.21.46.21,80,104.20.0.0/15,tampabayllc.top,tampabayllc.top,2024-05-14
redline,95.164.89.184,41653,95.164.88.0/23,,,2024-05-14
lokibot,104.21.65.180,80,104.20.0.0/15,rocheholding.top,rocheholding.top,2024-05-14
lokibot,188.114.96.2,80,188.114.96.0/22,rocheholding.top,rocheholding.top,2024-05-14
lokibot,64.190.63.222,80,64.190.62.0/23,capty.nut.cc,nut.cc,2024-05-14
njrat,3.125.223.134,12841,3.120.0.0/13,o.tpc.ngrok.io,ngrok.io,2024-05-13
njrat,18.192.31.165,12841,18.192.0.0/13,o.tpc.ngrok.io,ngrok.io,2024-05-13
lokibot,91.195.28.16,80,91.195.28.0/23,strutitinca.ro,strutitinca.ro,2024-05-13
njrat,3.125.223.134,16602,3.120.0.0/13,0.tcp.eu.ngrok.io,ngrok.io,2024-05-13
njrat,18.158.249.75,16602,18.156.0.0/14,0.tcp.eu.ngrok.io,ngrok.io,2024-05-13
njrat,160.177.79.24,10000,160.176.0.0/14,doddyfire.linkpc.net,linkpc.net,2024-05-13
redline,5.42.65.77,6541,5.42.64.0/22,,,2024-05-13
njrat,3.121.139.82,10948,3.120.0.0/13,4.tcp.eu.ngrok.io,ngrok.io,2024-05-13
njrat,3.127.59.75,10948,3.120.0.0/13,4.tcp.eu.ngrok.io,ngrok.io,2024-05-13
njrat,52.28.112.211,10948,52.24.0.0/13,4.tcp.eu.ngrok.io,ngrok.io,2024-05-13
njrat,3.127.253.86,10948,3.120.0.0/13,4.tcp.eu.ngrok.io,ngrok.io,2024-05-13
njrat,147.185.221.18,34625,147.185.221.0/24,vacation-nails.gl.at.ply.gg,ply.gg,2024-05-13
njrat,41.142.26.2,10000,41.142.0.0/17,doddyfire.linkpc.net,linkpc.net,2024-05-13
njrat,3.67.161.133,11843,3.64.0.0/12,5.tcp.eu.ngrok.io,ngrok.io,2024-05-13
redline,147.45.47.36,39849,147.45.47.0/24,,,2024-05-13
njrat,3.124.142.205,12222,3.120.0.0/13,0.tcp.eu.ngrok.io,ngrok.io,2024-05-13
njrat,18.158.249.75,12222,18.156.0.0/14,0.tcp.eu.ngrok.io,ngrok.io,2024-05-13
njrat,18.192.31.165,12222,18.192.0.0/13,0.tcp.eu.ngrok.io,ngrok.io,2024-05-13
njrat,18.197.239.109,18014,18.192.0.0/13,6.tcp.eu.ngrok.io,ngrok.io,2024-05-12
lokibot,107.175.150.73,80,107.175.144.0/20,,,2024-05-12
nanocore,192.169.69.25,2551,192.169.68.0/22,sebaseuro.duckdns.org,duckdns.org,2024-05-12
njrat,184.105.237.195,5553,184.105.236.0/23,redlan.hopto.org,hopto.org,2024-05-11
njrat,105.155.173.158,10000,105.155.128.0/18,doddyfire.linkpc.net,linkpc.net,2024-05-11
njrat,147.185.221.19,10345,147.185.221.0/24,study-window.gl.at.ply.gg,ply.gg,2024-05-11
lokibot,54.80.154.23,80,54.80.0.0/13,higomanga.info,higomanga.info,2024-05-11
lokibot,104.21.52.88,80,104.21.0.0/17,meridianresourcellc.top,meridianresourcellc.top,2024-05-11
njrat,18.192.93.86,14858,18.192.0.0/13,2.tcp.eu.ngrok.io,ngrok.io,2024-05-10
nanocore,192.169.69.25,4782,192.169.68.0/22,mybackups.duckdns.org,duckdns.org,2024-05-10
lokibot,185.53.177.71,80,185.53.176.0/22,blazinghotter.igg.biz,igg.biz,2024-05-10
redline,37.1.36.185,1912,37.1.0.0/18,,,2024-05-10
nanocore,192.169.69.25,1896,192.169.68.0/22,nickdns26.duckdns.org,duckdns.org,2024-05-10
lokibot,34.29.71.138,80,34.16.0.0/12,lapphuongshoe.com,lapphuongshoe.com,2024-05-10
lokibot,154.41.233.100,80,154.41.224.0/20,edulinkr.com,edulinkr.com,2024-05-10
lokibot,138.201.55.20,80,138.201.0.0/16,kammies.co.za,co.za,2024-05-10
lokibot,31.220.2.120,80,31.220.0.0/22,,,2024-05-10
lokibot,195.123.211.210,80,195.123.208.0/21,,,2024-05-10
njrat,46.246.82.10,2054,46.246.64.0/18,ecuaecua.duckdns.org,duckdns.org,2024-05-09
njrat,105.154.96.186,10000,105.154.0.0/16,doddyfire.linkpc.net,linkpc.net,2024-05-09
redline,23.227.196.15,23461,23.227.196.0/25,,,2024-05-09
njrat,104.250.172.89,1177,104.250.172.0/24,levantain.ddns.net,ddns.net,2024-05-09
njrat,3.127.138.57,17751,3.120.0.0/13,2.tcp.eu.ngrok.io,ngrok.io,2024-05-09
redline,178.159.39.40,19667,178.159.38.0/23,,,2024-05-09
lokibot,172.67.197.72,80,172.67.0.0/16,meridianresourcellc.top,meridianresourcellc.top,2024-05-09
njrat,51.158.202.242,443,51.158.0.0/16,asra1.ddns.net,ddns.net,2024-05-09
njrat,3.67.161.133,14420,3.64.0.0/12,5.tcp.eu.ngrok.io,ngrok.io,2024-05-09
njrat,18.158.58.205,14420,18.156.0.0/14,5.tcp.eu.ngrok.io,ngrok.io,2024-05-09
njrat,3.67.62.142,14420,3.64.0.0/12,5.tcp.eu.ngrok.io,ngrok.io,2024-05-09
njrat,18.192.31.165,11168,18.192.0.0/13,0.tcp.eu.ngrok.io,ngrok.io,2024-05-09
njrat,3.125.223.134,11168,3.120.0.0/13,0.tcp.eu.ngrok.io,ngrok.io,2024-05-09
njrat,41.249.40.69,10000,41.249.0.0/17,doddyfire.linkpc.net,linkpc.net,2024-05-08
njrat,192.169.69.25,1177,192.169.68.0/22,windowsuport.duckdns.org,duckdns.org,2024-05-08
nanocore,192.169.69.26,61715,192.169.68.0/22,december2n.duckdns.org,duckdns.org,2024-05-08
redline,15.165.134.129,8649,15.164.0.0/15,,,2024-05-08
njrat,147.185.221.19,47021,147.185.221.0/24,,,2024-05-08
lokibot,104.21.35.239,80,104.21.0.0/17,seadrill.top,seadrill.top,2024-05-08
redline,5.42.65.96,28380,5.42.64.0/22,,,2024-05-07
lokibot,91.92.253.228,80,91.92.240.0/20,,,2024-05-07
lokibot,192.169.69.25,80,192.169.68.0/22,djanic.duckdns.org,duckdns.org,2024-05-06
njrat,196.65.165.110,10000,196.64.0.0/15,doddyfire.linkpc.net,linkpc.net,2024-05-06
redline,20.100.11.101,42074,20.96.0.0/11,,,2024-05-06
redline,45.89.53.206,4663,45.89.52.0/22,,,2024-05-06
njrat,147.185.221.18,46584,147.185.221.0/24,few-madrid.gl.at.ply.gg,ply.gg,2024-05-06
njrat,5.39.43.50,1337,5.39.0.0/17,,,2024-05-05
nanocore,209.25.141.212,32243,209.25.140.0/22,july-pty.at.ply.gg,ply.gg,2024-05-05
nanocore,3.124.142.205,11720,3.120.0.0/13,0.tcp.eu.ngrok.io,ngrok.io,2024-05-05
nanocore,18.192.31.165,11720,18.192.0.0/13,0.tcp.eu.ngrok.io,ngrok.io,2024-05-05
nanocore,18.158.249.75,11720,18.156.0.0/14,0.tcp.eu.ngrok.io,ngrok.io,2024-05-05
nanocore,3.125.102.39,11720,3.120.0.0/13,0.tcp.eu.ngrok.io,ngrok.io,2024-05-05
nanocore,3.125.223.134,11720,3.120.0.0/13,0.tcp.eu.ngrok.io,ngrok.io,2024-05-05
nanocore,3.125.209.94,11720,3.120.0.0/13,0.tcp.eu.ngrok.io,ngrok.io,2024-05-05
lokibot,8.29.155.251,80,8.29.152.0/22,custom-packaging-products.com,custom-packaging-products.com,2024-05-05
njrat,35.157.111.131,14964,35.156.0.0/14,7.tcp.eu.ngrok.io,ngrok.io,2024-05-04
njrat,3.125.188.168,14964,3.120.0.0/13,7.tcp.eu.ngrok.io,ngrok.io,2024-05-04
lokibot,94.156.65.182,80,94.156.64.0/21,,,2024-05-04
redline,109.120.178.235,26632,109.120.176.0/22,,,2024-05-03
redline,45.15.156.142,33597,45.15.156.0/24,,,2024-05-03
njrat,46.246.80.19,1994,46.246.64.0/18,patria.duckdns.org,duckdns.org,2024-05-03
njrat,147.185.221.19,42294,147.185.221.0/24,reviews-christians.gl.at.ply.gg,ply.gg,2024-05-02
redline,45.15.156.167,80,45.15.156.0/24,,,2024-05-02
redline,194.36.178.33,37732,194.36.178.0/23,,,2024-05-02
njrat,147.185.221.19,39289,147.185.221.0/24,teaching-wireless.gl.at.ply.gg,ply.gg,2024-05-02
njrat,184.105.237.195,5553,184.105.236.0/23,nandos.hopto.org,hopto.org,2024-05-02
redline,147.45.47.65,47232,147.45.47.0/24,,,2024-05-01
lokibot,104.21.13.124,80,104.21.0.0/17,ebnsina.top,ebnsina.top,2024-05-01
lokibot,172.67.167.246,80,172.67.0.0/16,ebnsina.top,ebnsina.top,2024-05-01
njrat,18.192.31.165,12194,18.192.0.0/13,0.tcp.eu.ngrok.io,ngrok.io,2024-04-30
redline,185.215.113.117,30711,185.215.113.0/24,,,2024-04-30
redline,91.92.249.182,34419,91.92.240.0/20,,,2024-04-30
redline,195.20.16.134,46690,195.20.16.0/24,,,2024-04-30
lokibot,18.119.155.254,80,18.116.0.0/14,justloki.com,justloki.com,2024-04-30
lokibot,18.189.229.254,80,18.188.0.0/14,justloki.com,justloki.com,2024-04-30
njrat,45.141.215.185,7777,45.141.215.0/24,berlyn777.con-ip.com,con-ip.com,2024-04-29
njrat,147.185.221.19,39209,147.185.221.0/24,analysis-minolta.gl.at.ply.gg,ply.gg,2024-04-29
lokibot,67.227.226.240,80,67.227.128.0/17,apolovapers.com,apolovapers.com,2024-04-29
recordbreaker,91.92.255.182,80,91.92.240.0/20,,,2024-04-29
nanocore,192.169.69.26,64418,192.169.68.0/22,december2n.duckdns.org,duckdns.org,2024-04-29
njrat,178.128.228.252,5552,178.128.0.0/16,asero23.ddns.net,ddns.net,2024-04-28
njrat,18.192.31.165,10266,18.192.0.0/13,0.tcp.eu.ngrok.io,ngrok.io,2024-04-28
lokibot,34.174.78.212,80,34.168.0.0/13,blesblochem.com,blesblochem.com,2024-04-28
njrat,147.185.221.19,17455,147.185.221.0/24,green-morrison.gl.at.ply.gg,ply.gg,2024-04-27
njrat,147.185.221.19,17455,147.185.221.0/24,artist-composed.gl.at.ply.gg,ply.gg,2024-04-27
njrat,147.185.221.19,28632,147.185.221.0/24,artist-composed.gl.at.ply.gg,ply.gg,2024-04-27
njrat,147.185.221.19,36969,147.185.221.0/24,phentermine-partial.gl.at.ply.gg,ply.gg,2024-04-27
njrat,160.176.159.27,10000,160.176.0.0/14,doddyfire.linkpc.net,linkpc.net,2024-04-26
njrat,3.124.67.191,10250,3.120.0.0/13,7.tcp.eu.ngrok.io,ngrok.io,2024-04-26
nanocore,192.169.69.25,5654,192.169.68.0/22,craftedfollowing.duckdns.org,duckdns.org,2024-04-26
njrat,46.246.84.16,1994,46.246.64.0/18,rusia.duckdns.org,duckdns.org,2024-04-26
njrat,46.246.86.14,1994,46.246.64.0/18,rusia.duckdns.org,duckdns.org,2024-04-25
redline,5.42.92.179,18418,5.42.92.0/24,,,2024-04-25
redline,193.233.132.169,37732,193.233.132.0/24,,,2024-04-25
lokibot,57.128.52.136,80,57.128.0.0/16,flypadi.com,flypadi.com,2024-04-25
nanocore,45.95.169.113,4190,45.95.168.0/22,amechi.duckdns.org,duckdns.org,2024-04-25
nanocore,45.95.169.113,3190,45.95.168.0/22,amechi.duckdns.org,duckdns.org,2024-04-25
njrat,82.205.72.17,8080,82.205.0.0/17,aboft7e.ddns.net,ddns.net,2024-04-25
njrat,45.32.168.59,6363,45.32.0.0/16,powerup.dynuddns.net,dynuddns.net,2024-04-25
njrat,41.249.109.159,10000,41.249.0.0/17,doddyfire.linkpc.net,linkpc.net,2024-04-24
njrat,3.125.102.39,12143,3.120.0.0/13,0.tcp.eu.ngrok.io,ngrok.io,2024-04-24
njrat,18.158.249.75,12143,18.156.0.0/14,0.tcp.eu.ngrok.io,ngrok.io,2024-04-24
njrat,3.125.223.134,12143,3.120.0.0/13,0.tcp.eu.ngrok.io,ngrok.io,2024-04-24
njrat,18.192.31.165,12143,18.192.0.0/13,0.tcp.eu.ngrok.io,ngrok.io,2024-04-24
njrat,3.121.139.82,12138,3.120.0.0/13,4.tcp.eu.ngrok.io,ngrok.io,2024-04-24
redline,103.113.70.99,2630,103.113.68.0/22,,,2024-04-24
njrat,46.246.84.12,1994,46.246.64.0/18,rusia.duckdns.org,duckdns.org,2024-04-24
nanocore,146.70.198.22,60129,146.70.192.0/20,,,2024-04-24
njrat,46.246.14.10,1994,46.246.12.0/22,patria.duckdns.org,duckdns.org,2024-04-24
lokibot,185.182.56.12,80,185.182.56.0/22,mypony.nl,mypony.nl,2024-04-23
njrat,46.246.14.10,1994,46.246.12.0/22,rusia.duckdns.org,duckdns.org,2024-04-23
njrat,192.169.69.25,5552,192.169.68.0/22,d3co4r.duckdns.org,duckdns.org,2024-04-23
nanocore,3.6.30.85,10651,3.6.0.0/15,0.tcp.in.ngrok.io,ngrok.io,2024-04-23
nanocore,3.6.122.107,10651,3.6.0.0/15,0.tcp.in.ngrok.io,ngrok.io,2024-04-23
nanocore,3.6.98.232,10651,3.6.0.0/15,0.tcp.in.ngrok.io,ngrok.io,2024-04-23
nanocore,3.6.115.182,10651,3.6.0.0/15,0.tcp.in.ngrok.io,ngrok.io,2024-04-23
nanocore,3.6.98.232,15030,3.6.0.0/15,0.tcp.in.ngrok.io,ngrok.io,2024-04-23
nanocore,3.6.30.85,15030,3.6.0.0/15,0.tcp.in.ngrok.io,ngrok.io,2024-04-23
nanocore,3.6.122.107,15030,3.6.0.0/15,0.tcp.in.ngrok.io,ngrok.io,2024-04-23
nanocore,3.6.115.182,15030,3.6.0.0/15,0.tcp.in.ngrok.io,ngrok.io,2024-04-23
nanocore,3.6.115.64,15030,3.6.0.0/15,0.tcp.in.ngrok.io,ngrok.io,2024-04-23
redline,87.121.105.175,14845,87.121.105.0/24,,,2024-04-23
nanocore,91.92.245.231,64418,91.92.240.0/20,december2nd.ddns.net,ddns.net,2024-04-23
redline,91.92.241.122,39361,91.92.240.0/20,,,2024-04-23
njrat,41.200.95.182,5552,41.200.0.0/16,wscript.ddns.net,ddns.net,2024-04-22
redline,91.92.250.88,16964,91.92.240.0/20,,,2024-04-22
redline,4.184.225.183,30592,4.160.0.0/11,,,2024-04-22
njrat,46.246.6.20,1994,46.246.4.0/22,patria.duckdns.org,duckdns.org,2024-04-22
njrat,46.246.6.20,1994,46.246.4.0/22,rusia.duckdns.org,duckdns.org,2024-04-22
njrat,179.14.8.182,2009,179.12.0.0/14,resilencia2023.duckdns.org,duckdns.org,2024-04-22
redline,5.42.65.50,33080,5.42.64.0/22,,,2024-04-22
njrat,192.169.69.26,35888,192.169.68.0/22,njnjnjs.duckdns.org,duckdns.org,2024-04-22
njrat,3.14.182.203,16969,3.8.0.0/13,0.tcp.ngrok.io,ngrok.io,2024-04-22
njrat,3.13.191.225,16969,3.8.0.0/13,0.tcp.ngrok.io,ngrok.io,2024-04-22
njrat,3.17.7.232,16969,3.16.0.0/13,0.tcp.ngrok.io,ngrok.io,2024-04-22
lokibot,176.223.110.10,80,176.223.110.0/24,ecurs.ro,ecurs.ro,2024-04-21
njrat,147.185.221.19,32934,147.185.221.0/24,quotes-nl.gl.at.ply.gg,ply.gg,2024-04-21
nanocore,91.92.245.231,56648,91.92.240.0/20,discoveryvipshinjiru2law.ooguy.com,ooguy.com,2024-04-20
lokibot,35.213.200.121,80,35.213.128.0/17,www.rnofinancial.com.au,com.au,2024-04-20
njrat,18.158.249.75,19177,18.156.0.0/14,0.tcp.eu.ngrok.io,ngrok.io,2024-04-20
njrat,18.192.31.165,19177,18.192.0.0/13,0.tcp.eu.ngrok.io,ngrok.io,2024-04-20
njrat,147.185.221.19,32481,147.185.221.0/24,other-tours.gl.at.ply.gg,ply.gg,2024-04-20
njrat,147.185.221.17,58503,147.185.221.0/24,basic-values.gl.at.ply.gg,ply.gg,2024-04-20
njrat,83.196.78.85,8080,83.192.0.0/13,,,2024-04-20
nanocore,192.169.69.26,1177,192.169.68.0/22,backupnew.duckdns.org,duckdns.org,2024-04-20
lokibot,192.169.69.26,80,192.169.68.0/22,abixmaly.duckdns.org,duckdns.org,2024-04-20
njrat,3.124.142.205,14390,3.120.0.0/13,0.tcp.eu.ngrok.io,ngrok.io,2024-04-20
njrat,3.125.102.39,14390,3.120.0.0/13,0.tcp.eu.ngrok.io,ngrok.io,2024-04-20
njrat,3.125.209.94,14390,3.120.0.0/13,0.tcp.eu.ngrok.io,ngrok.io,2024-04-20
njrat,3.125.209.94,10543,3.120.0.0/13,0.tcp.eu.ngrok.io,ngrok.io,2024-04-20
njrat,18.192.31.165,10543,18.192.0.0/13,0.tcp.eu.ngrok.io,ngrok.io,2024-04-20
njrat,3.125.102.39,10543,3.120.0.0/13,0.tcp.eu.ngrok.io,ngrok.io,2024-04-20
lokibot,91.92.253.228,80,91.92.240.0/20,tequilacofradiamx.com,tequilacofradiamx.com,2024-04-19
njrat,3.124.142.205,13241,3.120.0.0/13,0.tcp.eu.ngrok.io,ngrok.io,2024-04-19
njrat,3.125.102.39,13241,3.120.0.0/13,0.tcp.eu.ngrok.io,ngrok.io,2024-04-19
njrat,3.125.102.39,18335,3.120.0.0/13,0.tcp.eu.ngrok.io,ngrok.io,2024-04-19
njrat,3.125.223.134,18335,3.120.0.0/13,0.tcp.eu.ngrok.io,ngrok.io,2024-04-19
njrat,18.158.249.75,18335,18.156.0.0/14,0.tcp.eu.ngrok.io,ngrok.io,2024-04-19
njrat,20.206.240.63,1024,20.204.0.0/14,,,2024-04-19
njrat,3.125.223.134,15422,3.120.0.0/13,0.tcp.eu.ngrok.io,ngrok.io,2024-04-19
njrat,18.192.31.165,15422,18.192.0.0/13,0.tcp.eu.ngrok.io,ngrok.io,2024-04-19
njrat,18.158.249.75,15422,18.156.0.0/14,0.tcp.eu.ngrok.io,ngrok.io,2024-04-19
njrat,46.246.84.16,1994,46.246.64.0/18,patria.duckdns.org,duckdns.org,2024-04-19
njrat,3.125.102.39,17888,3.120.0.0/13,0.tcp.eu.ngrok.io,ngrok.io,2024-04-19
njrat,18.158.249.75,17888,18.156.0.0/14,0.tcp.eu.ngrok.io,ngrok.io,2024-04-19
njrat,3.125.223.134,17888,3.120.0.0/13,0.tcp.eu.ngrok.io,ngrok.io,2024-04-19
njrat,46.246.12.3,2552,46.246.12.0/22,alma27.duckdns.org,duckdns.org,2024-04-19
njrat,46.246.12.11,2054,46.246.12.0/22,nuevosecua.duckdns.org,duckdns.org,2024-04-19
njrat,196.74.150.120,10000,196.74.0.0/15,doddyfire.linkpc.net,linkpc.net,2024-04-19
lokibot,203.159.80.211,80,203.159.80.0/24,,,2024-04-19
lokibot,192.236.162.239,80,192.236.160.0/22,,,2024-04-19
redline,209.126.11.251,31618,209.126.0.0/20,,,2024-04-19
lokibot,103.92.235.29,80,103.92.235.0/24,skscarsrjn.in,skscarsrjn.in,2024-04-19
lokibot,104.237.252.28,80,104.237.252.0/22,sempersim.su,sempersim.su,2024-04-19
njrat,3.125.223.134,15296,3.120.0.0/13,0.tcp.eu.ngrok.io,ngrok.io,2024-04-19
njrat,18.158.249.75,15296,18.156.0.0/14,0.tcp.eu.ngrok.io,ngrok.io,2024-04-19
njrat,3.124.142.205,15296,3.120.0.0/13,0.tcp.eu.ngrok.io,ngrok.io,2024-04-19
njrat,46.246.14.17,1994,46.246.12.0/22,patria.duckdns.org,duckdns.org,2024-04-19
njrat,3.125.102.39,17393,3.120.0.0/13,0.tcp.eu.ngrok.io,ngrok.io,2024-04-18
njrat,18.158.249.75,17393,18.156.0.0/14,0.tcp.eu.ngrok.io,ngrok.io,2024-04-18
njrat,3.125.209.94,17393,3.120.0.0/13,0.tcp.eu.ngrok.io,ngrok.io,2024-04-18
njrat,191.233.27.50,5552,191.232.0.0/13,dzn.ddns.net,ddns.net,2024-04-18
njrat,45.77.154.40,1177,45.76.0.0/15,ronymahmoud.casacam.net,casacam.net,2024-04-18
njrat,46.246.14.17,1994,46.246.12.0/22,rusia.duckdns.org,duckdns.org,2024-04-18
nanocore,3.127.181.115,15464,3.120.0.0/13,5.tcp.eu.ngrok.io,ngrok.io,2024-04-18
nanocore,3.67.62.142,15464,3.64.0.0/12,5.tcp.eu.ngrok.io,ngrok.io,2024-04-18
nanocore,3.67.112.102,15464,3.64.0.0/12,5.tcp.eu.ngrok.io,ngrok.io,2024-04-18
nanocore,3.64.4.198,15464,3.64.0.0/12,5.tcp.eu.ngrok.io,ngrok.io,2024-04-18
nanocore,3.67.161.133,15464,3.64.0.0/12,5.tcp.eu.ngrok.io,ngrok.io,2024-04-18
nanocore,93.123.39.100,8763,93.123.39.0/24,mup830634.duckdns.org,duckdns.org,2024-04-18
njrat,46.246.14.22,1994,46.246.12.0/22,patria.duckdns.org,duckdns.org,2024-04-17
njrat,18.192.31.165,12607,18.192.0.0/13,0.tcp.eu.ngrok.io,ngrok.io,2024-04-17
njrat,3.125.102.39,12607,3.120.0.0/13,0.tcp.eu.ngrok.io,ngrok.io,2024-04-17
njrat,3.124.142.205,12607,3.120.0.0/13,0.tcp.eu.ngrok.io,ngrok.io,2024-04-17
njrat,3.126.37.18,15020,3.120.0.0/13,2.tcp.eu.ngrok.io,ngrok.io,2024-04-17
redline,45.15.156.127,48665,45.15.156.0/24,,,2024-04-17
njrat,147.185.221.19,26628,147.185.221.0/24,returns-vary.gl.at.ply.gg,ply.gg,2024-04-17
njrat,147.185.221.17,80,147.185.221.0/24,bit-number.gl.at.ply.gg,ply.gg,2024-04-17
njrat,147.185.221.19,29750,147.185.221.0/24,require-spa.gl.at.ply.gg,ply.gg,2024-04-17
lokibot,192.236.162.234,80,192.236.160.0/22,,,2024-04-17
njrat,147.185.221.19,29545,147.185.221.0/24,cars-fraction.gl.at.ply.gg,ply.gg,2024-04-16
njrat,147.185.221.19,29058,147.185.221.0/24,tue-jake.gl.at.ply.gg,ply.gg,2024-04-16
njrat,3.13.191.225,19044,3.8.0.0/13,0.tcp.ngrok.io,ngrok.io,2024-04-16
njrat,3.14.182.203,19044,3.8.0.0/13,0.tcp.ngrok.io,ngrok.io,2024-04-16
njrat,3.134.125.175,19044,3.128.0.0/12,0.tcp.ngrok.io,ngrok.io,2024-04-16
njrat,147.185.221.19,28329,147.185.221.0/24,report-dust.gl.at.ply.gg,ply.gg,2024-04-16
njrat,3.124.142.205,10869,3.120.0.0/13,0.tcp.eu.ngrok.io,ngrok.io,2024-04-15
njrat,3.125.223.134,10869,3.120.0.0/13,0.tcp.eu.ngrok.io,ngrok.io,2024-04-15
njrat,3.125.102.39,10869,3.120.0.0/13,0.tcp.eu.ngrok.io,ngrok.io,2024-04-15
lokibot,91.92.254.199,80,91.92.240.0/20,tequilacofradiamx.com,tequilacofradiamx.com,2024-04-15
njrat,5.39.43.50,8096,5.39.0.0/17,,,2024-04-15
njrat,41.248.119.194,10000,41.248.0.0/17,doddyfire.linkpc.net,linkpc.net,2024-04-14
njrat,3.127.138.57,17170,3.120.0.0/13,2.tcp.eu.ngrok.io,ngrok.io,2024-04-14
redline,4.185.137.132,1632,4.160.0.0/11,,,2024-04-14
njrat,18.156.13.209,14095,18.156.0.0/14,2.tcp.eu.ngrok.io,ngrok.io,2024-04-14
njrat,18.197.239.5,14095,18.192.0.0/13,2.tcp.eu.ngrok.io,ngrok.io,2024-04-14
njrat,3.126.37.18,14095,3.120.0.0/13,2.tcp.eu.ngrok.io,ngrok.io,2024-04-14
njrat,41.249.48.248,10000,41.249.0.0/17,doddyfire.linkpc.net,linkpc.net,2024-04-14
recordbreaker,195.20.16.155,80,195.20.16.0/24,,,2024-04-13
njrat,46.147.123.30,5552,46.147.120.0/21,,,2024-04-13
njrat,147.185.221.18,56522,147.185.221.0/24,having-jackson.gl.at.ply.gg,ply.gg,2024-04-13
njrat,3.125.102.39,15019,3.120.0.0/13,tcp.eu.ngrok.io,ngrok.io,2024-04-13
njrat,18.192.31.165,15640,18.192.0.0/13,tcp.eu.ngrok.io,ngrok.io,2024-04-13
njrat,3.125.223.134,17231,3.120.0.0/13,0.tcp.eu.ngrok.io,ngrok.io,2024-04-13
njrat,18.192.31.165,17231,18.192.0.0/13,0.tcp.eu.ngrok.io,ngrok.io,2024-04-13
njrat,136.243.179.5,1414,136.243.178.0/23,booksports64.linkpc.net,linkpc.net,2024-04-13
njrat,34.88.143.155,1177,34.88.0.0/14,seznam.zapto.org,zapto.org,2024-04-13
njrat,41.249.108.177,10000,41.249.0.0/17,doddyfire.linkpc.net,linkpc.net,2024-04-13
lokibot,185.215.113.67,26260,185.215.113.0/24,blesblochem.com,blesblochem.com,2024-04-13
lokibot,185.172.128.33,8970,185.172.128.0/24,blesblochem.com,blesblochem.com,2024-04-13
lokibot,4.185.137.132,1632,4.160.0.0/11,blesblochem.com,blesblochem.com,2024-04-13
njrat,46.246.14.8,1994,46.246.12.0/22,rusia.duckdns.org,duckdns.org,2024-04-12
njrat,104.238.137.229,6363,104.238.128.0/18,powerup.dynuddns.net,dynuddns.net,2024-04-12
njrat,179.13.0.175,5556,179.12.0.0/14,newintento777.duckdns.org,duckdns.org,2024-04-12
njrat,179.13.2.154,5050,179.12.0.0/14,auyametemplanza.duckdns.org,duckdns.org,2024-04-12
njrat,179.13.2.154,5050,179.12.0.0/14,parahoyestsidio.duckdns.org,duckdns.org,2024-04-12
njrat,46.246.6.20,5050,46.246.4.0/22,asegurar1s.duckdns.org,duckdns.org,2024-04-12
njrat,5.39.43.50,6136,5.39.0.0/17,,,2024-04-11
njrat,46.246.14.23,1994,46.246.12.0/22,rusia.duckdns.org,duckdns.org,2024-04-11
njrat,179.13.0.175,5557,179.12.0.0/14,liverpool777.duckdns.org,duckdns.org,2024-04-11
njrat,179.13.2.154,5050,179.12.0.0/14,estesidiosplat.duckdns.org,duckdns.org,2024-04-11
redline,5.42.65.0,29587,5.42.64.0/22,,,2024-04-11
njrat,179.13.0.175,5557,179.12.0.0/14,promesasalvaro1.duckdns.org,duckdns.org,2024-04-11
redline,207.32.216.126,30685,207.32.216.0/22,,,2024-04-11
redline,34.31.226.230,37144,34.16.0.0/12,,,2024-04-10
njrat,179.13.0.175,5557,179.12.0.0/14,firmes777.duckdns.org,duckdns.org,2024-04-10
redline,45.61.141.168,35228,45.61.140.0/23,,,2024-04-10
lokibot,104.21.48.81,80,104.21.0.0/17,dsbr.cam,dsbr.cam,2024-04-10
redline,62.122.184.51,6017,62.122.184.0/24,,,2024-04-09
njrat,179.13.0.175,5554,179.12.0.0/14,newintento777.duckdns.org,duckdns.org,2024-04-09
njrat,46.246.82.18,1994,46.246.64.0/18,patria.duckdns.org,duckdns.org,2024-04-09
njrat,179.13.0.175,5554,179.12.0.0/14,firmes777.duckdns.org,duckdns.org,2024-04-09
nanocore,103.151.123.225,1664,103.151.122.0/23,tzitziklishop4.ddns.net,ddns.net,2024-04-09
njrat,89.117.23.25,35888,89.117.16.0/21,njnjnjs.duckdns.org,duckdns.org,2024-04-09
redline,2.58.56.216,38382,2.58.56.0/24,,,2024-04-09
njrat,35.157.111.131,13306,35.156.0.0/14,7.tcp.eu.ngrok.io,ngrok.io,2024-04-08
njrat,3.126.224.214,13306,3.120.0.0/13,7.tcp.eu.ngrok.io,ngrok.io,2024-04-08
njrat,3.124.67.191,13306,3.120.0.0/13,7.tcp.eu.ngrok.io,ngrok.io,2024-04-08
nanocore,200.217.111.70,54984,200.216.0.0/15,appdiscordgg.duckdns.org,duckdns.org,2024-04-08
njrat,3.68.56.232,13306,3.64.0.0/12,7.tcp.eu.ngrok.io,ngrok.io,2024-04-08
njrat,3.125.188.168,13306,3.120.0.0/13,7.tcp.eu.ngrok.io,ngrok.io,2024-04-08
njrat,3.67.15.169,13306,3.64.0.0/12,7.tcp.eu.ngrok.io,ngrok.io,2024-04-08
njrat,105.154.228.255,10000,105.154.0.0/16,doddyfire.linkpc.net,linkpc.net,2024-04-08
njrat,18.192.93.86,14391,18.192.0.0/13,2.tcp.eu.ngrok.io,ngrok.io,2024-04-08
njrat,179.13.0.175,5555,179.12.0.0/14,firmes777.duckdns.org,duckdns.org,2024-04-08
nanocore,192.169.69.26,8234,192.169.68.0/22,hhjhtggfr.duckdns.org,duckdns.org,2024-04-08
njrat,94.131.122.80,5009,94.131.120.0/22,billions.ooguy.com,ooguy.com,2024-04-08
njrat,41.142.31.190,10000,41.142.0.0/17,doddyfire.linkpc.net,linkpc.net,2024-04-07
njrat,18.198.77.177,14620,18.192.0.0/13,4.tcp.eu.ngrok.io,ngrok.io,2024-04-07
njrat,52.28.112.211,12117,52.24.0.0/13,4.tcp.eu.ngrok.io,ngrok.io,2024-04-07
nanocore,209.73.100.130,6969,209.73.96.0/19,j0k3r420.ddnsking.com,ddnsking.com,2024-04-07
nanocore,192.169.69.25,7654,192.169.68.0/22,netwomo.duckdns.org,duckdns.org,2024-04-07
njrat,160.178.39.123,10000,160.176.0.0/14,doddyfire.linkpc.net,linkpc.net,2024-04-06
redline,185.125.50.49,48860,185.125.50.0/24,,,2024-04-06
lokibot,91.92.253.221,80,91.92.240.0/20,,,2024-04-06
lokibot,104.21.39.208,80,104.21.0.0/17,altaskifer.sbs,altaskifer.sbs,2024-04-06
njrat,193.161.193.99,8080,193.161.193.0/24,wasted9sss1-57718.portmap.host,portmap.host,2024-04-05
njrat,179.13.0.175,5554,179.12.0.0/14,promesasalvaro1.duckdns.org,duckdns.org,2024-04-05
njrat,147.185.221.18,18746,147.185.221.0/24,,,2024-04-05
njrat,179.13.0.175,5553,179.12.0.0/14,promesasalvaro1.duckdns.org,duckdns.org,2024-04-05
njrat,46.246.84.18,5050,46.246.64.0/18,asegurar1s.duckdns.org,duckdns.org,2024-04-05
lokibot,104.198.2.251,80,104.198.0.0/15,jyiikm.xyz,jyiikm.xyz,2024-04-05
njrat,147.185.221.18,38122,147.185.221.0/24,links-annually.gl.at.ply.gg,ply.gg,2024-04-05
redline,46.29.234.85,35727,46.29.234.0/23,,,2024-04-05
redline,147.45.45.81,30063,147.45.45.0/24,,,2024-04-05
njrat,35.158.159.254,11464,35.156.0.0/14,4.tcp.eu.ngrok.io,ngrok.io,2024-04-05
njrat,18.192.31.165,18511,18.192.0.0/13,0.tcp.eu.ngrok.io,ngrok.io,2024-04-05
njrat,18.192.31.165,14390,18.192.0.0/13,0.tcp.eu.ngrok.io,ngrok.io,2024-04-05
njrat,18.158.249.75,14390,18.156.0.0/14,0.tcp.eu.ngrok.io,ngrok.io,2024-04-05
njrat,105.155.169.10,10000,105.155.128.0/18,doddyfire.linkpc.net,linkpc.net,2024-04-05
njrat,3.125.223.134,10543,3.120.0.0/13,0.tcp.eu.ngrok.io,ngrok.io,2024-04-05
njrat,3.125.102.39,10468,3.120.0.0/13,0.tcp.eu.ngrok.io,ngrok.io,2024-04-05
njrat,179.13.0.175,5552,179.12.0.0/14,newnano-shel.duckdns.org,duckdns.org,2024-04-05
njrat,46.246.84.9,3030,46.246.64.0/18,njpantalla.4cloud.click,4cloud.click,2024-04-05
njrat,105.154.98.75,10000,105.154.0.0/16,doddyfire.linkpc.net,linkpc.net,2024-04-05
nanocore,192.169.69.25,58887,192.169.68.0/22,kgentle77.duckdns.org,duckdns.org,2024-04-05
redline,91.92.243.162,45162,91.92.240.0/20,,,2024-03-29
njrat,18.197.239.109,14500,18.192.0.0/13,6.tcp.eu.ngrok.io,ngrok.io,2024-03-29
njrat,147.185.221.19,5491,147.185.221.0/24,registration-nil.gl.at.ply.gg,ply.gg,2024-03-29
njrat,160.176.152.91,10000,160.176.0.0/14,doddyfire.linkpc.net,linkpc.net,2024-03-28
redline,34.31.226.230,37558,34.16.0.0/12,,,2024-03-28
lokibot,34.162.170.92,80,34.160.0.0/14,secure01-redirect.net,secure01-redirect.net,2024-03-28
redline,194.87.107.145,10480,194.87.107.0/24,,,2024-03-27
njrat,147.185.221.18,54056,147.185.221.0/24,results-outdoors.gl.at.ply.gg,ply.gg,2024-03-27
njrat,147.185.221.19,5585,147.185.221.0/24,prior-gently.gl.at.ply.gg,ply.gg,2024-03-27
njrat,3.127.59.75,19387,3.120.0.0/13,4.tcp.eu.ngrok.io,ngrok.io,2024-03-27
redline,5.42.65.68,29093,5.42.64.0/22,,,2024-03-27
nanocore,194.147.140.158,2323,194.147.140.0/24,,,2024-03-27
lokibot,3.33.130.190,80,3.33.128.0/17,arku.xyz,arku.xyz,2024-03-26
njrat,147.185.221.18,64479,147.185.221.0/24,share-introduced.gl.at.ply.gg,ply.gg,2024-03-26
redline,15.235.131.20,39206,15.235.0.0/16,,,2024-03-26
njrat,18.192.93.86,19282,18.192.0.0/13,2.tcp.eu.ngrok.io,ngrok.io,2024-03-26
recordbreaker,193.233.132.231,80,193.233.132.0/24,,,2024-03-25
lokibot,172.67.165.208,80,172.67.0.0/16,saldanha.top,saldanha.top,2024-03-25
lokibot,104.21.73.201,80,104.21.0.0/17,saldanha.top,saldanha.top,2024-03-25
redline,193.233.133.152,35515,193.233.133.0/24,,,2024-03-25
njrat,147.185.221.16,52522,147.185.221.0/24,limited-architect.gl.at.ply.gg,ply.gg,2024-03-24
njrat,24.42.98.153,195,24.42.64.0/18,h2cker.ddns.net,ddns.net,2024-03-24
njrat,147.185.221.18,9626,147.185.221.0/24,low-feeding.gl.at.ply.gg,ply.gg,2024-03-24
njrat,52.28.247.255,14622,52.24.0.0/13,6.tcp.eu.ngrok.io,ngrok.io,2024-03-24
njrat,3.69.115.178,14622,3.64.0.0/12,6.tcp.eu.ngrok.io,ngrok.io,2024-03-24
njrat,35.158.159.254,18001,35.156.0.0/14,4.tcp.eu.ngrok.io,ngrok.io,2024-03-24
njrat,45.142.182.104,4568,45.142.182.0/24,,,2024-03-24
njrat,103.253.73.222,117,103.253.72.0/22,argentina1100.ddns.net,ddns.net,2024-03-24
njrat,3.125.223.134,11326,3.120.0.0/13,0.tcp.eu.ngrok.io,ngrok.io,2024-03-24
njrat,3.125.102.39,12664,3.120.0.0/13,0.tcp.eu.ngrok.io,ngrok.io,2024-03-24
njrat,142.11.201.122,7010,142.11.192.0/18,microsoftdell1.duckdns.org,duckdns.org,2024-03-24
njrat,18.192.93.86,15449,18.192.0.0/13,2.tcp.eu.ngrok.io,ngrok.io,2024-03-24
njrat,52.28.247.255,12377,52.24.0.0/13,6.tcp.eu.ngrok.io,ngrok.io,2024-03-24
njrat,46.246.84.18,3100,46.246.64.0/18,luisro2158.duckdns.org,duckdns.org,2024-03-24
nanocore,194.147.140.141,8100,194.147.140.0/24,nanomarch8100.duckdns.org,duckdns.org,2024-03-24
njrat,3.124.142.205,18335,3.120.0.0/13,0.tcp.eu.ngrok.io,ngrok.io,2024-03-23
njrat,160.177.59.183,10000,160.176.0.0/14,doddyfire.linkpc.net,linkpc.net,2024-03-23
njrat,3.68.171.119,12377,3.64.0.0/12,6.tcp.eu.ngrok.io,ngrok.io,2024-03-20
njrat,24.42.99.89,191,24.42.64.0/18,ameerpplus.ddns.net,ddns.net,2024-03-19
njrat,3.125.209.94,11256,3.120.0.0/13,0.tcp.eu.ngrok.io,ngrok.io,2024-03-19
njrat,18.192.31.165,11326,18.192.0.0/13,0.tcp.eu.ngrok.io,ngrok.io,2024-03-18
njrat,89.245.33.102,25565,89.245.0.0/17,,,2024-03-18
njrat,109.248.12.212,5501,109.248.12.0/22,,,2024-03-18
njrat,3.66.38.117,17008,3.64.0.0/12,6.tcp.eu.ngrok.io,ngrok.io,2024-03-18
njrat,147.185.221.17,57514,147.185.221.0/24,17.ip.gl.ply.gg,ply.gg,2024-03-18
redline,185.125.50.49,7439,185.125.50.0/24,,,2024-03-18
njrat,18.158.249.75,12051,18.156.0.0/14,0.tcp.eu.ngrok.io,ngrok.io,2024-03-17
njrat,3.124.142.205,12051,3.120.0.0/13,0.tcp.eu.ngrok.io,ngrok.io,2024-03-17
njrat,89.245.35.152,25565,89.245.0.0/17,,,2024-03-17
njrat,193.161.193.99,48079,193.161.193.0/24,pidorgeio-48079.portmap.host,portmap.host,2024-03-17
njrat,18.197.239.109,11599,18.192.0.0/13,6.tcp.eu.ngrok.io,ngrok.io,2024-03-16
njrat,89.245.33.186,25565,89.245.0.0/17,,,2024-03-16
njrat,89.245.33.186,3000,89.245.0.0/17,,,2024-03-16
njrat,46.246.12.6,2054,46.246.12.0/22,mexico2020.duckdns.org,duckdns.org,2024-03-15
njrat,3.125.223.134,12607,3.120.0.0/13,0.tcp.eu.ngrok.io,ngrok.io,2024-03-15
njrat,18.158.249.75,12607,18.156.0.0/14,0.tcp.eu.ngrok.io,ngrok.io,2024-03-15
njrat,3.66.38.117,13040,3.64.0.0/12,6.tcp.eu.ngrok.io,ngrok.io,2024-03-15
njrat,52.14.81.142,22206,52.8.0.0/13,7.tcp.ngrok.io,ngrok.io,2024-03-15
njrat,94.72.114.95,5552,94.72.112.0/20,njtrial.duckdns.org,duckdns.org,2024-03-15
njrat,178.63.148.180,5552,178.63.0.0/16,,,2024-03-15
nanocore,67.213.108.79,4782,67.213.96.0/20,api.fwfy.club,fwfy.club,2024-03-14
nanocore,222.114.183.144,54984,222.114.128.0/17,kgj112233.codns.com,codns.com,2024-03-14
lokibot,31.22.7.45,80,31.22.6.0/23,mauricioclopatofsky.tel,mauricioclopatofsky.tel,2024-03-14
lokibot,192.185.115.239,80,192.185.64.0/18,avatar.ps,avatar.ps,2024-03-14
lokibot,104.237.252.14,80,104.237.252.0/22,sempersim.su,sempersim.su,2024-03-14
lokibot,91.92.252.146,4002,91.92.240.0/20,,,2024-03-12
njrat,3.66.38.117,13672,3.64.0.0/12,6.tcp.eu.ngrok.io,ngrok.io,2024-03-11
njrat,3.125.209.94,19607,3.120.0.0/13,0.tcp.eu.ngrok.io,ngrok.io,2024-03-11
njrat,3.125.209.94,17485,3.120.0.0/13,0.tcp.eu.ngrok.io,ngrok.io,2024-03-11
njrat,3.125.223.134,16779,3.120.0.0/13,0.tcp.eu.ngrok.io,ngrok.io,2024-03-11
njrat,3.127.59.75,14314,3.120.0.0/13,4.tcp.eu.ngrok.io,ngrok.io,2024-03-11
njrat,216.218.135.118,3604,216.218.128.0/18,dontreachme3.ddns.net,ddns.net,2024-03-11
njrat,3.125.209.94,11258,3.120.0.0/13,0.tcp.eu.ngrok.io,ngrok.io,2024-03-11
redline,20.218.68.91,7690,20.208.0.0/12,,,2024-03-10
njrat,46.246.6.12,2054,46.246.4.0/22,mexico2020.duckdns.org,duckdns.org,2024-03-10
recordbreaker,193.233.132.204,80,193.233.132.0/24,,,2024-03-10
njrat,147.185.221.18,47077,147.185.221.0/24,,,2024-03-10
njrat,18.192.31.165,12353,18.192.0.0/13,0.tcp.eu.ngrok.io,ngrok.io,2024-03-10
njrat,3.124.142.205,12353,3.120.0.0/13,0.tcp.eu.ngrok.io,ngrok.io,2024-03-09
redline,5.161.190.139,13757,5.161.128.0/18,,,2024-03-09
njrat,41.103.44.20,999,41.96.0.0/13,zakifail.hopto.org,hopto.org,2024-03-09
recordbreaker,94.131.106.24,80,94.131.96.0/20,,,2024-03-09
nanocore,139.84.139.29,1620,139.84.128.0/17,maxlogs.webhop.me,webhop.me,2024-03-09
njrat,3.121.139.82,14314,3.120.0.0/13,4.tcp.eu.ngrok.io,ngrok.io,2024-03-09
nanocore,192.169.69.26,313,192.169.68.0/22,podzeye.duckdns.org,duckdns.org,2024-03-09
recordbreaker,195.20.16.127,80,195.20.16.0/24,,,2024-03-08
recordbreaker,37.49.230.152,80,37.49.230.0/24,,,2024-03-08
njrat,34.86.252.187,1177,34.80.0.0/13,ronymahmoud.casacam.net,casacam.net,2024-03-08
njrat,186.169.53.81,2025,186.169.32.0/19,mistersjsas1.duckdns.org,duckdns.org,2024-03-08
lumma,188.114.97.2,80,188.114.96.0/22,freckletropsao.pw,freckletropsao.pw,2024-03-08
njrat,167.86.86.15,3333,167.86.84.0/22,junio2023.duckdns.org,duckdns.org,2024-03-08
njrat,18.231.93.153,19606,18.224.0.0/13,0.tcp.sa.ngrok.io,ngrok.io,2024-03-08
redline,194.116.173.25,6519,194.116.172.0/23,,,2024-03-07
njrat,3.64.4.198,10058,3.64.0.0/12,5.tcp.eu.ngrok.io,ngrok.io,2024-03-07
redline,65.108.20.226,37715,65.108.0.0/15,,,2024-03-06
nanocore,139.84.139.29,5273,139.84.128.0/17,maxlogs.webhop.me,webhop.me,2024-03-06
njrat,46.246.86.5,8090,46.246.64.0/18,teo1978.duckdns.org,duckdns.org,2024-03-06
njrat,3.127.59.75,11855,3.120.0.0/13,4.tcp.eu.ngrok.io,ngrok.io,2024-03-06
njrat,34.86.252.187,5050,34.80.0.0/13,seznam.zapto.org,zapto.org,2024-03-05
njrat,94.72.114.95,5552,94.72.112.0/20,,,2024-03-05
njrat,147.185.221.16,30641,147.185.221.0/24,electric-guest.gl.at.ply.gg,ply.gg,2024-03-05
njrat,3.125.188.168,10352,3.120.0.0/13,7.tcp.eu.ngrok.io,ngrok.io,2024-03-05
njrat,3.127.138.57,17647,3.120.0.0/13,2.tcp.eu.ngrok.io,ngrok.io,2024-03-05
njrat,18.156.13.209,17647,18.156.0.0/14,2.tcp.eu.ngrok.io,ngrok.io,2024-03-05
njrat,3.67.112.102,19976,3.64.0.0/12,5.tcp.eu.ngrok.io,ngrok.io,2024-03-05
njrat,3.68.56.232,15966,3.64.0.0/12,7.tcp.eu.ngrok.io,ngrok.io,2024-03-04
njrat,147.185.221.18,35608,147.185.221.0/24,points-detect.gl.at.ply.gg,ply.gg,2024-03-04
njrat,18.192.31.165,10757,18.192.0.0/13,0.tcp.eu.ngrok.io,ngrok.io,2024-03-04
redline,206.238.199.68,48458,206.238.198.0/23,,,2024-03-04
redline,67.203.7.148,2909,67.203.0.0/21,,,2024-03-03
njrat,34.86.252.187,1177,34.80.0.0/13,seznam.zapto.org,zapto.org,2024-03-03
njrat,3.69.157.220,14744,3.64.0.0/12,6.tcp.eu.ngrok.io,ngrok.io,2024-03-03
njrat,3.69.157.220,12125,3.64.0.0/12,6.tcp.eu.ngrok.io,ngrok.io,2024-03-02
redline,135.181.241.148,49113,135.181.0.0/16,,,2024-03-02
njrat,147.185.221.18,49833,147.185.221.0/24,18.ip.gl.ply.gg,ply.gg,2024-03-02
njrat,18.192.31.165,10202,18.192.0.0/13,0.tcp.eu.ngrok.io,ngrok.io,2024-03-02
njrat,3.125.102.39,19080,3.120.0.0/13,0.tcp.eu.ngrok.io,ngrok.io,2024-03-02
njrat,45.144.166.168,1234,45.144.164.0/22,,,2024-03-02
redline,45.15.156.209,40481,45.15.156.0/24,,,2024-03-01
njrat,18.197.239.109,12765,18.192.0.0/13,6.tcp.eu.ngrok.io,ngrok.io,2024-03-01
njrat,3.68.171.119,12765,3.64.0.0/12,6.tcp.eu.ngrok.io,ngrok.io,2024-03-01
njrat,3.66.38.117,12765,3.64.0.0/12,6.tcp.eu.ngrok.io,ngrok.io,2024-03-01
njrat,3.69.157.220,12765,3.64.0.0/12,6.tcp.eu.ngrok.io,ngrok.io,2024-03-01
njrat,18.198.77.177,17526,18.192.0.0/13,4.tcp.eu.ngrok.io,ngrok.io,2024-03-01
nanocore,185.161.208.123,8763,185.161.208.0/22,mup830634.duckdns.org,duckdns.org,2024-03-01
njrat,3.125.223.134,10202,3.120.0.0/13,0.tcp.eu.ngrok.io,ngrok.io,2024-03-01
njrat,198.27.120.241,1337,198.27.96.0/19,,,2024-03-01
nanocore,103.114.104.158,1663,103.114.104.0/22,tzitziklishop3.ddns.net,ddns.net,2024-03-01
njrat,147.124.205.158,9561,147.124.204.0/23,qcpanel.hackcrack.io,hackcrack.io,2024-03-01
njrat,35.158.159.254,16495,35.156.0.0/14,4.tcp.eu.ngrok.io,ngrok.io,2024-02-29
njrat,18.198.77.177,16495,18.192.0.0/13,4.tcp.eu.ngrok.io,ngrok.io,2024-02-29
njrat,191.89.247.6,5552,191.88.0.0/14,888juantriana88.dynuddns.net,dynuddns.net,2024-02-29
njrat,3.124.142.205,18909,3.120.0.0/13,0.tcp.eu.ngrok.io,ngrok.io,2024-02-29
nanocore,192.169.69.25,4040,192.169.68.0/22,onpcsetup.duckdns.org,duckdns.org,2024-02-29
njrat,154.38.160.55,35888,154.38.160.0/20,njnjnjs.duckdns.org,duckdns.org,2024-02-29
lokibot,91.92.252.146,8008,91.92.240.0/20,,,2024-02-29
njrat,162.19.25.207,8080,162.19.0.0/16,mrado.kozow.com,kozow.com,2024-02-29
njrat,79.228.201.177,666,79.192.0.0/10,,,2024-02-28
nanocore,83.213.157.103,1515,83.213.128.0/19,nibiru33.duckdns.org,duckdns.org,2024-02-28
njrat,46.246.14.67,7771,46.246.12.0/22,berlyndinero.duckdns.org,duckdns.org,2024-02-27
njrat,192.169.69.26,8651,192.169.68.0/22,gbarpresencewriterprint.duckdns.org,duckdns.org,2024-02-27
njrat,46.246.84.5,2054,46.246.64.0/18,clarosecurity-com.duckdns.org,duckdns.org,2024-02-27
njrat,3.125.223.134,12780,3.120.0.0/13,0.tcp.eu.ngrok.io,ngrok.io,2024-02-27
lumma,104.21.13.74,80,104.21.0.0/17,zamesblack.fun,zamesblack.fun,2024-02-27
lokibot,91.92.252.146,8004,91.92.240.0/20,,,2024-02-27
njrat,147.185.221.18,43389,147.185.221.0/24,18.ip.gl.ply.gg,ply.gg,2024-02-26
njrat,149.102.235.115,3000,149.102.224.0/19,,,2024-02-26
njrat,54.94.248.37,12778,54.94.0.0/15,0.tcp.sa.ngrok.io,ngrok.io,2024-02-26
redline,207.246.120.23,8140,207.246.64.0/18,,,2024-02-25
redline,20.218.68.91,23100,20.208.0.0/12,,,2024-02-25
njrat,147.185.221.17,55430,147.185.221.0/24,multi-bidding.gl.at.ply.gg,ply.gg,2024-02-25
nanocore,87.88.94.223,54984,87.88.0.0/16,pve.pezow.ovh,pezow.ovh,2024-02-25
njrat,31.10.67.116,5552,31.10.64.0/18,,,2024-02-25
njrat,3.126.37.18,16653,3.120.0.0/13,2.tcp.eu.ngrok.io,ngrok.io,2024-02-25
redline,15.235.131.20,44647,15.235.0.0/16,,,2024-02-25
njrat,147.185.221.18,80,147.185.221.0/24,conference-cal.gl.at.ply.gg,ply.gg,2024-02-24
njrat,147.185.221.18,43519,147.185.221.0/24,male-stephen.gl.at.ply.gg,ply.gg,2024-02-24
redline,77.246.158.53,13551,77.246.156.0/22,,,2024-02-24
njrat,147.185.221.18,35017,147.185.221.0/24,content-royal.gl.at.ply.gg,ply.gg,2024-02-24
njrat,95.86.227.200,25565,95.86.224.0/19,kisel228.zapto.org,zapto.org,2024-02-24
njrat,43.229.148.210,5556,43.229.148.0/22,appserv.ddns.net,ddns.net,2024-02-24
njrat,147.185.221.18,80,147.185.221.0/24,nature-dawn.gl.at.ply.gg,ply.gg,2024-02-24
njrat,18.157.68.73,15217,18.156.0.0/14,2.tcp.eu.ngrok.io,ngrok.io,2024-02-24
njrat,147.185.221.16,38277,147.185.221.0/24,cut-britney.gl.at.ply.gg,ply.gg,2024-02-23
njrat,147.185.221.18,32544,147.185.221.0/24,pcpanel.hackcrack.io,hackcrack.io,2024-02-23
redline,85.159.228.138,41572,85.159.228.0/24,,,2024-02-23
njrat,65.0.50.125,22158,65.0.0.0/14,,,2024-02-23
njrat,147.185.221.18,3639,147.185.221.0/24,nature-dawn.gl.at.ply.gg,ply.gg,2024-02-23
njrat,147.185.221.18,36364,147.185.221.0/24,than-electoral.gl.at.ply.gg,ply.gg,2024-02-23
njrat,18.192.93.86,18876,18.192.0.0/13,2.tcp.eu.ngrok.io,ngrok.io,2024-02-23
njrat,3.127.138.57,18876,3.120.0.0/13,2.tcp.eu.ngrok.io,ngrok.io,2024-02-23
njrat,3.126.37.18,18876,3.120.0.0/13,2.tcp.eu.ngrok.io,ngrok.io,2024-02-23
njrat,3.69.157.220,17155,3.64.0.0/12,6.tcp.eu.ngrok.io,ngrok.io,2024-02-23
njrat,18.197.239.109,17155,18.192.0.0/13,6.tcp.eu.ngrok.io,ngrok.io,2024-02-23
njrat,3.125.209.94,12044,3.120.0.0/13,0.tcp.eu.ngrok.io,ngrok.io,2024-02-23
njrat,18.192.31.165,12044,18.192.0.0/13,0.tcp.eu.ngrok.io,ngrok.io,2024-02-23
njrat,3.125.223.134,12044,3.120.0.0/13,0.tcp.eu.ngrok.io,ngrok.io,2024-02-23
njrat,3.125.102.39,12044,3.120.0.0/13,0.tcp.eu.ngrok.io,ngrok.io,2024-02-23
njrat,18.158.249.75,12044,18.156.0.0/14,0.tcp.eu.ngrok.io,ngrok.io,2024-02-23
redline,185.209.162.106,80,185.209.160.0/22,mezla.site,mezla.site,2024-02-23
njrat,147.185.221.18,37064,147.185.221.0/24,training-invasion.gl.at.ply.gg,ply.gg,2024-02-22
redline,95.216.104.115,4328,95.216.0.0/15,,,2024-02-22
njrat,46.246.12.6,2054,46.246.12.0/22,ecuaecua.duckdns.org,duckdns.org,2024-02-22
njrat,222.186.174.9,43268,222.184.0.0/14,,,2024-02-22
redline,185.133.40.202,80,185.133.40.0/22,,,2024-02-22
redline,5.75.162.217,43724,5.75.128.0/17,,,2024-02-21
njrat,102.47.184.255,1177,102.47.128.0/18,amma.myftp.biz,myftp.biz,2024-02-21
njrat,52.28.247.255,19437,52.24.0.0/13,6.tcp.eu.ngrok.io,ngrok.io,2024-02-21
redline,195.201.121.240,40819,195.201.0.0/16,,,2024-02-21
njrat,46.246.14.2,1998,46.246.12.0/22,patria.duckdns.org,duckdns.org,2024-02-21
njrat,3.127.181.115,13326,3.120.0.0/13,5.tcp.eu.ngrok.io,ngrok.io,2024-02-21
njrat,3.125.102.39,19599,3.120.0.0/13,0.tcp.eu.ngrok.io,ngrok.io,2024-02-21
nanocore,185.29.10.51,5211,185.29.10.0/24,jmoha66808.ddns.net,ddns.net,2024-02-21
redline,20.218.68.91,13817,20.208.0.0/12,,,2024-02-21
njrat,46.246.6.4,1994,46.246.4.0/22,patria.duckdns.org,duckdns.org,2024-02-20
nanocore,88.165.236.23,54985,88.160.0.0/11,nanocore73.zapto.org,zapto.org,2024-02-20
nanocore,3.17.7.232,18237,3.16.0.0/13,0.tcp.ngrok.io,ngrok.io,2024-02-20
redline,79.137.203.183,36235,79.137.202.0/23,,,2024-02-20
nanocore,88.165.236.23,64278,88.160.0.0/11,nanocore73.zapto.org,zapto.org,2024-02-20
redline,5.42.65.38,46185,5.42.64.0/22,,,2024-02-20
nanocore,192.169.69.25,1990,192.169.68.0/22,elianisgalidon3020.duckdns.org,duckdns.org,2024-02-20
njrat,46.246.12.11,2054,46.246.12.0/22,nuevosremcs.duckdns.org,duckdns.org,2024-02-20
njrat,154.197.124.161,2222,154.197.124.0/24,mangaforme.cloud,mangaforme.cloud,2024-02-20
njrat,46.246.80.3,1994,46.246.64.0/18,patria.duckdns.org,duckdns.org,2024-02-19
njrat,3.142.167.54,19346,3.128.0.0/12,8.tcp.ngrok.io,ngrok.io,2024-02-19
njrat,3.125.102.39,16904,3.120.0.0/13,0.tcp.eu.ngrok.io,ngrok.io,2024-02-19
redline,147.45.47.100,24854,147.45.47.0/24,,,2024-02-19
redline,20.218.68.91,9552,20.208.0.0/12,,,2024-02-18
njrat,3.125.209.94,13406,3.120.0.0/13,0.tcp.eu.ngrok.io,ngrok.io,2024-02-18
redline,116.203.63.87,9216,116.202.0.0/15,,,2024-02-18
nanocore,87.3.215.35,65199,87.0.0.0/12,ihateciroparisi.serveminecraft.net,serveminecraft.net,2024-02-18
njrat,3.127.138.57,13627,3.120.0.0/13,2.tcp.eu.ngrok.io,ngrok.io,2024-02-18
njrat,193.161.193.99,31620,193.161.193.0/24,nanoudu30-31620.portmap.host,portmap.host,2024-02-18
njrat,147.185.221.18,29182,147.185.221.0/24,plus-subcommittee.gl.at.ply.gg,ply.gg,2024-02-18
njrat,147.185.221.17,10652,147.185.221.0/24,mary-cottage.gl.at.ply.gg,ply.gg,2024-02-17
njrat,3.125.209.94,18563,3.120.0.0/13,0.tcp.eu.ngrok.io,ngrok.io,2024-02-17
njrat,18.158.249.75,10540,18.156.0.0/14,0.tcp.eu.ngrok.io,ngrok.io,2024-02-17
njrat,3.125.209.94,10540,3.120.0.0/13,0.tcp.eu.ngrok.io,ngrok.io,2024-02-17
nanocore,82.117.230.122,54984,82.117.230.0/23,,,2024-02-17
redline,185.172.128.33,8924,185.172.128.0/24,,,2024-02-16
njrat,18.197.239.5,15020,18.192.0.0/13,2.tcp.eu.ngrok.io,ngrok.io,2024-02-15
recordbreaker,195.2.76.141,80,195.2.76.0/24,,,2024-02-15
njrat,35.157.111.131,15119,35.156.0.0/14,7.tcp.eu.ngrok.io,ngrok.io,2024-02-15
njrat,46.246.86.20,415,46.246.64.0/18,yuya0415.duckdns.org,duckdns.org,2024-02-15
njrat,154.197.124.161,2222,154.197.124.0/24,llllllllllllllllllllllllllll.site,llllllllllllllllllllllllllll.site,2024-02-15
redline,188.116.21.141,20213,188.116.21.0/24,,,2024-02-14
redline,91.92.246.233,2897,91.92.240.0/20,,,2024-02-14
lokibot,103.215.221.168,80,103.215.221.0/24,sempersim.su,sempersim.su,2024-02-14
lokibot,188.114.96.2,80,188.114.96.0/22,ebnsina.top,ebnsina.top,2024-02-14
njrat,5.39.43.50,1050,5.39.0.0/17,,,2024-02-14
redline,20.79.30.95,33223,20.76.0.0/14,,,2024-02-14
lokibot,103.224.212.210,80,103.224.212.0/23,arkt.xyz,arkt.xyz,2024-02-13
nanocore,5.39.43.50,3456,5.39.0.0/17,,,2024-02-13
njrat,46.246.12.14,1994,46.246.12.0/22,patria.duckdns.org,duckdns.org,2024-02-13
nanocore,192.169.69.25,60612,192.169.68.0/22,bproduction.duckdns.org,duckdns.org,2024-02-13
njrat,46.246.80.9,1995,46.246.64.0/18,patria.duckdns.org,duckdns.org,2024-02-12
njrat,5.39.43.50,1610,5.39.0.0/17,,,2024-02-12
njrat,5.39.43.50,1609,5.39.0.0/17,,,2024-02-12
njrat,194.38.20.230,6666,194.38.20.0/22,,,2024-02-12
njrat,3.127.181.115,19920,3.120.0.0/13,5.tcp.eu.ngrok.io,ngrok.io,2024-02-12
njrat,46.246.6.12,1995,46.246.4.0/22,patria.duckdns.org,duckdns.org,2024-02-12
njrat,46.246.84.5,7771,46.246.64.0/18,berlyndnero.duckdns.org,duckdns.org,2024-02-11
njrat,5.39.43.50,7777,5.39.0.0/17,,,2024-02-11
njrat,45.153.230.56,7777,45.153.230.0/23,,,2024-02-11
njrat,3.125.209.94,14114,3.120.0.0/13,0.tcp.eu.ngrok.io,ngrok.io,2024-02-11
njrat,85.192.32.83,1194,85.192.32.0/22,,,2024-02-11
njrat,3.66.38.117,17032,3.64.0.0/12,6.tcp.eu.ngrok.io,ngrok.io,2024-02-11
njrat,18.197.239.109,17032,18.192.0.0/13,6.tcp.eu.ngrok.io,ngrok.io,2024-02-11
njrat,3.66.38.117,16992,3.64.0.0/12,6.tcp.eu.ngrok.io,ngrok.io,2024-02-11
njrat,3.67.161.133,13977,3.64.0.0/12,5.tcp.eu.ngrok.io,ngrok.io,2024-02-10
njrat,46.246.82.3,5552,46.246.64.0/18,peces.duckdns.org,duckdns.org,2024-02-10
njrat,46.246.84.15,1995,46.246.64.0/18,patria.duckdns.org,duckdns.org,2024-02-10
redline,91.92.244.55,13002,91.92.240.0/20,,,2024-02-10
redline,156.251.19.27,20399,156.251.16.0/20,,,2024-02-09
njrat,3.6.115.64,15032,3.6.0.0/15,0.tcp.in.ngrok.io,ngrok.io,2024-02-09
redline,80.66.85.145,27441,80.66.85.0/24,,,2024-02-09
njrat,18.197.239.5,13056,18.192.0.0/13,2.tcp.eu.ngrok.io,ngrok.io,2024-02-09
njrat,18.192.93.86,13056,18.192.0.0/13,2.tcp.eu.ngrok.io,ngrok.io,2024-02-09
redline,91.92.246.148,3362,91.92.240.0/20,,,2024-02-08
njrat,147.185.221.18,5204,147.185.221.0/24,18.ip.gl.ply.gg,ply.gg,2024-02-08
nanocore,3.138.180.119,16825,3.128.0.0/12,4.tcp.ngrok.io,ngrok.io,2024-02-08
njrat,3.124.67.191,12609,3.120.0.0/13,7.tcp.eu.ngrok.io,ngrok.io,2024-02-08
redline,185.172.128.136,32260,185.172.128.0/24,,,2024-02-08
nanocore,46.183.220.203,40935,46.183.216.0/21,kiwtreyy456rwty.duckdns.org,duckdns.org,2024-02-08
njrat,3.6.115.64,19208,3.6.0.0/15,0.tcp.in.ngrok.io,ngrok.io,2024-02-08
nanocore,90.15.154.112,4899,90.0.0.0/11,victacking.ddns.net,ddns.net,2024-02-07
njrat,3.68.56.232,12555,3.64.0.0/12,7.tcp.eu.ngrok.io,ngrok.io,2024-02-07
njrat,18.198.77.177,19762,18.192.0.0/13,4.tcp.eu.ngrok.io,ngrok.io,2024-02-07
njrat,3.127.253.86,19762,3.120.0.0/13,4.tcp.eu.ngrok.io,ngrok.io,2024-02-07
njrat,65.0.50.125,22220,65.0.0.0/14,,,2024-02-07
njrat,18.197.239.5,10445,18.192.0.0/13,2.tcp.eu.ngrok.io,ngrok.io,2024-02-06
njrat,147.185.221.17,9561,147.185.221.0/24,qcpanel.hackcrack.io,hackcrack.io,2024-02-06
nanocore,216.218.135.118,9583,216.218.128.0/18,timnoip.ddns.net,ddns.net,2024-02-06
njrat,46.246.14.16,2552,46.246.12.0/22,alma27.duckdns.org,duckdns.org,2024-02-06
njrat,46.246.80.14,2054,46.246.64.0/18,nuevosecua.duckdns.org,duckdns.org,2024-02-06
njrat,74.91.116.12,5552,74.91.116.0/24,yaniqueque.sytes.net,sytes.net,2024-02-06
redline,157.90.20.51,47753,157.90.0.0/16,,,2024-02-06
lokibot,188.114.97.2,80,188.114.96.0/22,xmail.cfd,xmail.cfd,2024-02-06
nanocore,192.169.69.26,65517,192.169.68.0/22,december2n.duckdns.org,duckdns.org,2024-02-06
redline,5.75.163.194,25084,5.75.128.0/17,,,2024-02-05
njrat,213.159.61.169,1177,213.159.48.0/20,noiphabibi.ddns.net,ddns.net,2024-02-05
nanocore,154.195.152.232,63641,154.195.128.0/18,,,2024-02-05
njrat,3.6.122.107,19208,3.6.0.0/15,0.tcp.in.ngrok.io,ngrok.io,2024-02-05
redline,156.251.19.27,20399,156.251.16.0/21,,,2024-02-05
redline,92.222.212.74,1450,92.222.0.0/16,,,2024-02-04
nanocore,94.156.69.37,54984,94.156.64.0/21,updacon.hopto.org,hopto.org,2024-02-04
njrat,3.127.138.57,17960,3.120.0.0/13,2.tcp.eu.ngrok.io,ngrok.io,2024-02-04
nanocore,52.8.87.87,17240,52.8.0.0/13,0.tcp.us-cal-1.ngrok.io,ngrok.io,2024-02-04
nanocore,84.2.81.135,6923,84.2.80.0/20,tuxy.ddns.net,ddns.net,2024-02-04
njrat,3.140.223.7,15696,3.128.0.0/12,6.tcp.ngrok.io,ngrok.io,2024-02-04
lokibot,104.21.46.100,80,104.21.0.0/17,roof.spencerstuartllc.top,spencerstuartllc.top,2024-02-03
njrat,46.246.4.20,3030,46.246.4.0/22,vinijr27.duckdns.org,duckdns.org,2024-02-03
njrat,178.73.218.3,101,178.73.216.0/22,vbatallafinal23.duckdns.org,duckdns.org,2024-02-03
njrat,147.185.221.18,14881,147.185.221.0/24,auto-benjamin.gl.at.ply.gg,ply.gg,2024-02-03
njrat,193.161.193.99,30520,193.161.193.0/24,jd03-30520.portmap.io,portmap.io,2024-02-03
njrat,46.246.86.4,101,46.246.64.0/18,vbatallafinal23.duckdns.org,duckdns.org,2024-02-03
nanocore,3.141.210.37,17366,3.128.0.0/12,6.tcp.ngrok.io,ngrok.io,2024-02-03
nanocore,3.132.159.158,17366,3.128.0.0/12,6.tcp.ngrok.io,ngrok.io,2024-02-03
njrat,18.157.68.73,13538,18.156.0.0/14,2.tcp.eu.ngrok.io,ngrok.io,2024-02-03
njrat,3.22.30.40,13747,3.16.0.0/13,0.tcp.ngrok.io,ngrok.io,2024-02-03
njrat,3.127.138.57,13538,3.120.0.0/13,2.tcp.eu.ngrok.io,ngrok.io,2024-02-03
nanocore,191.101.209.29,20427,191.101.209.0/24,,,2024-02-03
njrat,18.228.115.60,18785,18.224.0.0/13,0.tcp.sa.ngrok.io,ngrok.io,2024-02-03
njrat,3.125.209.94,11544,3.120.0.0/13,0.tcp.eu.ngrok.io,ngrok.io,2024-02-02
njrat,18.192.31.165,11544,18.192.0.0/13,0.tcp.eu.ngrok.io,ngrok.io,2024-02-02
njrat,20.106.168.188,5050,20.96.0.0/11,milla.publicvm.com,publicvm.com,2024-02-02
njrat,3.69.115.178,11080,3.64.0.0/12,6.tcp.eu.ngrok.io,ngrok.io,2024-02-02
nanocore,89.149.23.88,20427,89.149.23.0/24,technoblade.ddns.net,ddns.net,2024-02-02
redline,195.20.16.103,20440,195.20.16.0/24,,,2024-02-02
lokibot,172.67.137.192,80,172.67.0.0/16,roof.spencerstuartllc.top,spencerstuartllc.top,2024-02-02
nanocore,94.156.67.11,65517,94.156.64.0/21,december2nd.ddns.net,ddns.net,2024-02-02
njrat,54.94.248.37,11264,54.94.0.0/15,0.tcp.sa.ngrok.io,ngrok.io,2024-02-01
njrat,3.128.107.74,13425,3.128.0.0/12,,,2024-02-01
redline,147.124.207.124,24624,147.124.207.0/24,,,2024-02-01
njrat,54.94.248.37,12136,54.94.0.0/15,0.tcp.sa.ngrok.io,ngrok.io,2024-02-01
lokibot,188.114.96.2,80,188.114.96.0/22,roof.spencerstuartllc.top,spencerstuartllc.top,2024-02-01
njrat,191.233.28.7,1024,191.232.0.0/13,,,2024-02-01
nanocore,103.114.104.158,1664,103.114.104.0/22,tzitziklishop3.ddns.net,ddns.net,2024-02-01
redline,141.95.211.148,46011,141.94.0.0/15,,,2024-01-31
njrat,3.64.4.198,11024,3.64.0.0/12,5.tcp.eu.ngrok.io,ngrok.io,2024-01-31
redline,194.33.191.102,21751,194.33.191.0/24,,,2024-01-31
njrat,18.192.93.86,18227,18.192.0.0/13,2.tcp.eu.ngrok.io,ngrok.io,2024-01-31
njrat,3.142.167.4,12738,3.128.0.0/12,8.tcp.ngrok.io,ngrok.io,2024-01-31
njrat,18.192.93.86,11797,18.192.0.0/13,2.tcp.eu.ngrok.io,ngrok.io,2024-01-31
njrat,3.69.115.178,12041,3.64.0.0/12,6.tcp.eu.ngrok.io,ngrok.io,2024-01-31
njrat,3.69.157.220,10673,3.64.0.0/12,6.tcp.eu.ngrok.io,ngrok.io,2024-01-31
njrat,3.69.115.178,15520,3.64.0.0/12,6.tcp.eu.ngrok.io,ngrok.io,2024-01-31
redline,78.46.135.92,1575,78.46.0.0/15,,,2024-01-31
redline,89.213.142.199,28189,89.213.142.0/24,,,2024-01-30
njrat,3.127.138.57,18227,3.120.0.0/13,2.tcp.eu.ngrok.io,ngrok.io,2024-01-30
njrat,147.185.221.17,53003,147.185.221.0/24,bit-number.gl.at.ply.gg,ply.gg,2024-01-30
njrat,186.169.71.216,5552,186.169.64.0/18,adminash.duckdns.org,duckdns.org,2024-01-30
njrat,3.126.224.214,14537,3.120.0.0/13,7.tcp.eu.ngrok.io,ngrok.io,2024-01-30
njrat,20.234.71.164,1021,20.224.0.0/11,,,2024-01-29
njrat,3.127.253.86,17426,3.120.0.0/13,4.tcp.eu.ngrok.io,ngrok.io,2024-01-29
njrat,3.126.37.18,14272,3.120.0.0/13,2.tcp.eu.ngrok.io,ngrok.io,2024-01-29
njrat,186.169.37.61,5552,186.169.32.0/19,adminash.duckdns.org,duckdns.org,2024-01-29
redline,45.15.156.201,10208,45.15.156.0/24,,,2024-01-29
njrat,147.185.221.18,15309,147.185.221.0/24,people-primarily.gl.at.ply.gg,ply.gg,2024-01-29
njrat,3.125.102.39,16777,3.120.0.0/13,0.tcp.eu.ngrok.io,ngrok.io,2024-01-29
njrat,91.109.178.5,1177,91.109.176.0/20,seznam.zapto.org,zapto.org,2024-01-29
njrat,3.17.7.232,14868,3.16.0.0/13,0.tcp.ngrok.io,ngrok.io,2024-01-29
nanocore,192.169.69.25,3003,192.169.68.0/22,kenzeey.duckdns.org,duckdns.org,2024-01-29
njrat,3.142.129.56,10093,3.128.0.0/12,8.tcp.ngrok.io,ngrok.io,2024-01-29
redline,45.15.156.60,12050,45.15.156.0/24,,,2024-01-28
lokibot,104.21.91.56,80,104.21.0.0/17,novlkyy.shop,novlkyy.shop,2024-01-28
lokibot,101.0.117.102,80,101.0.64.0/18,www.rnofinancial.com.au,com.au,2024-01-28
lokibot,172.67.167.81,80,172.67.0.0/16,novlkyy.shop,novlkyy.shop,2024-01-28
njrat,165.227.31.192,22509,165.227.0.0/16,,,2024-01-28
njrat,206.189.80.59,22614,206.189.0.0/16,,,2024-01-28
nanocore,91.92.255.54,6513,91.92.240.0/20,jogard.duckdns.org,duckdns.org,2024-01-28
redline,95.217.81.77,35530,95.216.0.0/15,,,2024-01-28
nanocore,185.222.58.84,8990,185.222.56.0/22,,,2024-01-28
nanocore,142.67.130.172,54999,142.67.128.0/19,divert64.hopto.org,hopto.org,2024-01-27
redline,94.156.67.230,13781,94.156.64.0/21,,,2024-01-26
redline,91.92.245.15,80,91.92.240.0/20,,,2024-01-26
nanocore,103.167.90.225,4251,103.167.90.0/23,,,2024-01-26
nanocore,91.92.242.242,6051,91.92.240.0/20,harold.jetos.com,jetos.com,2024-01-26
nanocore,46.196.24.72,54984,46.196.0.0/17,kingspy.mywire.org,mywire.org,2024-01-26
nanocore,91.92.243.16,6269,91.92.240.0/20,macgains.duckdns.org,duckdns.org,2024-01-25
redline,193.26.115.228,19267,193.26.115.0/24,,,2024-01-25
redline,94.156.67.176,13781,94.156.64.0/21,,,2024-01-23
redline,168.119.242.255,7742,168.119.0.0/16,,,2024-01-23
redline,109.107.182.26,14895,109.107.182.0/24,,,2024-01-23
nanocore,83.85.165.190,1604,83.80.0.0/13,sp1oorat.ddns.net,ddns.net,2024-01-23
nanocore,94.156.65.121,65517,94.156.64.0/21,december2nd.ddns.net,ddns.net,2024-01-22
redline,212.116.121.37,24092,212.116.120.0/22,,,2024-01-22
redline,94.156.66.203,13781,94.156.64.0/21,,,2024-01-22
redline,20.113.35.45,38357,20.96.0.0/11,,,2024-01-22
redline,5.161.112.212,29606,5.161.0.0/17,,,2024-01-21
redline,185.172.128.33,38294,185.172.128.0/24,,,2024-01-21
redline,77.91.124.92,3989,77.91.124.0/24,,,2024-01-21
redline,154.26.134.64,25261,154.26.128.0/20,,,2024-01-20
redline,5.161.112.212,29606,5.161.0.0/16,,,2024-01-20
redline,91.92.248.211,12798,91.92.240.0/20,,,2024-01-20
redline,89.163.148.48,28842,89.163.128.0/17,,,2024-01-20
redline,142.11.237.239,32029,142.11.192.0/18,,,2024-01-19
redline,94.156.65.198,13781,94.156.64.0/21,,,2024-01-19
redline,167.235.64.195,31839,167.235.0.0/16,,,2024-01-19
nanocore,91.92.252.40,61715,91.92.240.0/20,december2nd.ddns.net,ddns.net,2024-01-19
redline,195.20.16.168,34926,195.20.16.0/24,,,2024-01-18
redline,185.242.86.221,1523,185.242.84.0/22,,,2024-01-17
redline,77.91.124.92,33992,77.91.124.0/24,,,2024-01-15
redline,193.233.74.8,37369,193.233.74.0/23,,,2024-01-15
redline,91.92.249.113,21076,91.92.240.0/20,,,2024-01-15
nanocore,103.114.104.158,1664,103.114.104.0/22,tzitziklishop.ddns.net,ddns.net,2024-01-14
nanocore,54.252.142.240,14280,54.248.0.0/13,0.tcp.au.ngrok.io,ngrok.io,2024-01-13
redline,5.75.165.62,34937,5.75.128.0/17,,,2024-01-12
nanocore,91.92.255.203,5050,91.92.240.0/20,Wealthyman.ddnsfree.com,ddnsfree.com,2024-01-12
redline,91.92.240.231,13781,91.92.240.0/20,,,2024-01-10
redline,139.162.148.153,23433,139.162.0.0/16,,,2024-01-10
nanocore,91.92.240.61,65535,91.92.240.0/20,Wealthyman.ddnsfree.com,ddnsfree.com,2024-01-10
redline,135.181.242.178,42473,135.181.0.0/16,,,2024-01-10
nanocore,91.92.252.6,61715,91.92.240.0/20,december2nd.ddns.net,ddns.net,2024-01-09
redline,193.233.254.194,11584,193.233.254.0/24,,,2024-01-08
redline,193.233.254.4,13200,193.233.254.0/24,,,2024-01-08
redline,194.87.79.209,34130,194.87.79.0/24,,,2024-01-07
redline,20.79.30.95,13856,20.76.0.0/14,,,2024-01-07
nanocore,85.195.105.85,7072,85.195.104.0/23,kennynanobelintourismedleonline.dumb1.com,dumb1.com,2024-01-06
redline,195.20.16.188,20749,195.20.16.0/24,,,2024-01-06
nanocore,147.185.221.17,41958,147.185.221.0/24,links-transition.gl.at.ply.gg,ply.gg,2024-01-06
nanocore,147.185.221.17,56274,147.185.221.0/24,yourself-catholic.gl.at.ply.gg,ply.gg,2024-01-06
redline,91.92.247.99,46554,91.92.240.0/20,,,2024-01-05
nanocore,18.192.31.165,11297,18.192.0.0/13,0.tcp.eu.ngrok.io,ngrok.io,2024-01-05
redline,148.163.89.57,44136,148.163.88.0/21,,,2024-01-05
redline,195.20.16.173,7323,195.20.16.0/24,,,2024-01-05
redline,5.42.64.9,37471,5.42.64.0/22,,,2024-01-04
redline,65.108.20.160,11396,65.108.0.0/15,,,2024-01-04
nanocore,109.248.144.199,1333,109.248.144.0/23,pm2bitcoin.com,pm2bitcoin.com,2024-01-03
redline,195.20.16.190,38173,195.20.16.0/24,,,2023-12-31
nanocore,103.207.37.74,1664,103.207.36.0/22,jugoken567.ddns.net,ddns.net,2023-12-27
redline,91.92.241.115,12393,91.92.240.0/20,,,2023-12-26
nanocore,91.107.200.181,7632,91.107.128.0/17,justinalwhitedd554.duckdns.org,duckdns.org,2023-12-26
redline,98.71.74.227,47952,98.70.0.0/15,,,2023-12-24
redline,77.105.132.87,22221,77.105.132.0/24,,,2023-12-24
redline,193.233.132.72,36295,193.233.132.0/24,,,2023-12-24
nanocore,91.92.243.245,9192,91.92.240.0/20,globron.duckdns.org,duckdns.org,2023-12-23
nanocore,94.156.64.168,54984,94.156.64.0/21,workstation.homeip.net,homeip.net,2023-12-23
nanocore,91.92.245.58,4444,91.92.240.0/20,seemeseeyou.duckdns.org,duckdns.org,2023-12-21
redline,185.172.128.33,35875,185.172.128.0/24,,,2023-12-21
redline,195.20.16.190,45294,195.20.16.0/24,,,2023-12-21
redline,38.47.221.193,34368,38.47.192.0/19,,,2023-12-20
redline,45.144.152.86,44635,45.144.152.0/24,,,2023-12-20
redline,77.105.132.87,17066,77.105.132.0/24,,,2023-12-20
redline,176.123.7.190,32927,176.123.0.0/21,,,2023-12-20
redline,194.26.192.132,12343,194.26.192.0/24,,,2023-12-20
redline,193.233.132.51,19027,193.233.132.0/24,,,2023-12-19
redline,45.144.152.86,44635,45.144.152.0/24,liveclouds.duckdns.org,duckdns.org,2023-12-19
redline,77.105.132.161,48505,77.105.132.0/24,,,2023-12-17
redline,45.15.156.187,23929,45.15.156.0/24,,,2023-12-17
nanocore,185.244.111.216,1608,185.244.108.0/22,dvrsoc.ddns.net,ddns.net,2023-12-17
nanocore,91.92.248.48,53081,91.92.240.0/20,novakcy.ddns.net,ddns.net,2023-12-17
nanocore,173.212.199.134,212,173.212.192.0/21,rex1010.duckdns.org,duckdns.org,2023-12-17
redline,135.181.227.91,4307,135.181.0.0/16,,,2023-12-16
nanocore,91.92.248.208,8967,91.92.240.0/20,,,2023-12-15
nanocore,85.195.105.66,54980,85.195.104.0/23,multipleentry90dayscontroller.homingbeacon.net,homingbeacon.net,2023-12-13
redline,185.215.113.109,20475,185.215.113.0/24,,,2023-12-13
redline,77.105.132.87,6731,77.105.132.0/24,,,2023-12-11
nanocore,173.211.106.109,50720,173.211.104.0/22,percolysrl2.ddns.net,ddns.net,2023-12-10
redline,193.233.132.55,25530,193.233.132.0/24,,,2023-12-10
redline,57.128.155.22,20154,57.128.0.0/16,,,2023-12-09
redline,82.147.84.248,80,82.147.84.0/23,,,2023-12-09
redline,5.161.190.139,13757,5.161.0.0/16,,,2023-12-08
redline,89.23.96.47,22010,89.23.96.0/22,,,2023-12-08
redline,195.10.205.16,2245,195.10.205.0/24,,,2023-12-07
nanocore,52.9.207.250,13832,52.8.0.0/13,6.tcp.us-cal-1.ngrok.io,ngrok.io,2023-12-07
nanocore,54.241.198.186,13832,54.241.0.0/16,6.tcp.us-cal-1.ngrok.io,ngrok.io,2023-12-07
nanocore,13.52.173.49,12152,13.48.0.0/13,6.tcp.us-cal-1.ngrok.io,ngrok.io,2023-12-06
redline,195.20.16.53,48998,195.20.16.0/24,,,2023-12-06
nanocore,103.114.106.29,4510,103.114.104.0/22,btldinc7.sytes.net,sytes.net,2023-12-06
redline,178.16.139.77,80,178.16.128.0/20,,,2023-12-06
redline,107.173.58.91,32870,107.173.58.0/23,,,2023-12-06
redline,45.15.156.240,21823,45.15.156.0/24,,,2023-12-05
nanocore,161.129.47.59,54980,161.129.47.0/24,multipleentry90dayscontroller.homingbeacon.net,homingbeacon.net,2023-12-04
nanocore,91.92.251.203,4510,91.92.240.0/20,btldinc7.sytes.net,sytes.net,2023-12-04
nanocore,83.213.157.103,5555,83.213.128.0/19,anunankis1.duckdns.org,duckdns.org,2023-12-03
redline,5.42.65.101,40676,5.42.64.0/22,,,2023-12-03
redline,193.233.132.4,1285,193.233.132.0/24,,,2023-12-03
redline,38.47.221.193,39163,38.47.192.0/19,,,2023-12-01
redline,95.214.26.17,24714,95.214.26.0/24,,,2023-12-01
redline,194.49.94.77,16339,194.49.94.0/24,,,2023-12-01
redline,194.169.175.235,42691,194.169.175.0/24,,,2023-12-01
redline,80.85.152.116,31050,80.85.152.0/23,,,2023-11-29
nanocore,103.114.106.29,6696,103.114.104.0/22,rn72836.sytes.net,sytes.net,2023-11-29
nanocore,91.92.248.204,6696,91.92.240.0/20,rn72836.sytes.net,sytes.net,2023-11-28
nanocore,194.147.140.186,3636,194.147.140.0/24,,,2023-11-27
redline,194.49.94.181,40264,194.49.94.0/24,,,2023-11-27
redline,5.42.66.12,47081,5.42.64.0/22,,,2023-11-26
nanocore,31.214.243.202,54984,31.214.240.0/22,,,2023-11-26
redline,5.161.108.75,24668,5.161.0.0/17,,,2023-11-26
redline,194.169.175.220,30615,194.169.175.0/24,,,2023-11-25
redline,194.49.94.77,22888,194.49.94.0/24,,,2023-11-24
nanocore,91.92.244.198,6696,91.92.240.0/20,6coinc.zapto.org,zapto.org,2023-11-24
nanocore,139.84.139.29,1620,139.84.128.0/18,maxlogs.webhop.me,webhop.me,2023-11-23
redline,185.173.38.57,80,185.173.36.0/22,,,2023-11-23
redline,195.20.16.131,30344,195.20.16.0/24,,,2023-11-22
redline,194.49.94.142,41292,194.49.94.0/24,,,2023-11-22
redline,195.10.205.16,1056,195.10.205.0/24,,,2023-11-21
redline,194.169.175.232,45451,194.169.175.0/24,,,2023-11-21
redline,185.221.198.97,26730,185.221.198.0/24,,,2023-11-21
redline,192.121.46.165,9307,192.121.46.0/23,,,2023-11-20
nanocore,91.92.242.192,54357,91.92.240.0/20,slucasanderson.ddns.net,ddns.net,2023-11-20
redline,194.169.175.128,37853,194.169.175.0/24,,,2023-11-18
redline,77.91.68.235,9486,77.91.68.0/24,,,2023-11-18
redline,194.87.31.237,80,194.87.31.0/24,www.6innovations.com,6innovations.com,2023-11-17
redline,45.33.118.219,35633,45.33.0.0/17,,,2023-11-17
redline,194.49.94.152,19053,194.49.94.0/24,,,2023-11-16
redline,185.216.70.232,28121,185.216.70.0/24,,,2023-11-14
nanocore,130.51.20.126,37190,130.51.20.0/22,us3.localto.net,localto.net,2023-11-14
nanocore,91.92.247.217,9003,91.92.240.0/20,,,2023-11-13
nanocore,194.169.175.235,42691,194.169.175.0/24,,,2023-11-11
redline,5.42.92.51,19057,5.42.92.0/24,,,2023-11-11
redline,195.10.205.17,24867,195.10.205.0/24,,,2023-11-10
redline,109.107.182.211,28913,109.107.182.0/24,,,2023-11-10
redline,91.103.252.189,30344,91.103.252.0/24,,,2023-11-09
redline,5.75.177.255,23682,5.75.128.0/17,,,2023-11-08
nanocore,194.147.140.185,23591,194.147.140.0/24,wqqkgzmrdwxl8j.duckdns.org,duckdns.org,2023-11-08
nanocore,45.120.177.164,54984,45.120.176.0/22,,,2023-11-07
redline,194.49.94.40,21348,194.49.94.0/24,,,2023-11-06
redline,146.59.102.99,34470,146.59.0.0/16,,,2023-11-06
nanocore,147.185.221.17,10524,147.185.221.0/24,days-jd.gl.at.ply.gg,ply.gg,2023-11-06
redline,135.181.11.41,3837,135.181.0.0/16,,,2023-11-06
nanocore,156.96.44.204,9866,156.96.44.0/22,chinomso.duckdns.org,duckdns.org,2023-11-06
redline,195.10.205.17,8122,195.10.205.0/24,,,2023-11-05
redline,135.181.11.40,1928,135.181.0.0/16,,,2023-11-04
nanocore,103.212.81.160,23591,103.212.81.0/24,wqqkgzmrdwxl8j.duckdns.org,duckdns.org,2023-11-03
redline,77.91.124.86,19084,77.91.124.0/24,,,2023-11-02
redline,135.181.11.41,38051,135.181.0.0/16,,,2023-11-02
nanocore,54.219.247.190,18488,54.216.0.0/14,4.tcp.us-cal-1.ngrok.io,ngrok.io,2023-11-02
nanocore,193.161.193.99,28278,193.161.193.0/24,safe242-28278.portmap.host,portmap.host,2023-11-02
nanocore,54.176.73.138,12288,54.176.0.0/14,6.tcp.us-cal-1.ngrok.io,ngrok.io,2023-10-31
redline,194.169.175.234,27221,194.169.175.0/24,,,2023-10-31
redline,149.100.158.96,80,149.100.144.0/20,,,2023-10-31
redline,91.103.252.3,48665,91.103.252.0/24,,,2023-10-31
redline,171.22.28.236,38306,171.22.28.0/24,,,2023-10-24
redline,94.142.138.111,36270,94.142.138.0/24,,,2023-10-23
redline,185.216.70.238,37515,185.216.70.0/24,,,2023-10-23
nanocore,67.207.161.208,50720,67.207.160.0/21,percolysrl2.ddns.net,ddns.net,2023-10-23
redline,62.72.23.19,80,62.72.0.0/19,,,2023-10-23
nanocore,94.156.6.14,6110,94.156.6.0/24,29122021.sytes.net,sytes.net,2023-10-23
redline,185.183.35.100,80,185.183.32.0/22,vikaneleneer.shop,vikaneleneer.shop,2023-10-23
redline,85.209.3.13,11290,85.209.3.0/24,ama23.amlbot.ug,amlbot.ug,2023-10-23
nanocore,173.212.199.134,555,173.212.192.0/21,rex1010.duckdns.org,duckdns.org,2023-10-22
nanocore,91.193.75.195,23591,91.193.75.0/24,wqqkgzmrdwxl8j.duckdns.org,duckdns.org,2023-10-20
redline,103.84.88.211,9255,103.84.88.0/22,,,2023-10-20
redline,128.140.44.160,47542,128.140.0.0/17,,,2023-10-19
redline,185.183.35.128,80,185.183.32.0/22,naninakadyll.site,naninakadyll.site,2023-10-19
nanocore,64.44.156.43,50720,64.44.156.0/22,percolysrl2.ddns.net,ddns.net,2023-10-19
redline,171.22.28.224,19117,171.22.28.0/24,,,2023-10-18
nanocore,3.6.30.85,18792,3.6.0.0/15,0.tcp.in.ngrok.io,ngrok.io,2023-10-18
redline,94.156.6.176,8948,94.156.6.0/24,,,2023-10-18
redline,91.103.253.6,22884,91.103.253.0/24,,,2023-10-17
redline,185.254.37.67,20454,185.254.37.0/24,,,2023-10-17
redline,51.254.67.186,16176,51.254.0.0/16,,,2023-10-17
redline,145.239.200.147,30225,145.239.0.0/16,,,2023-10-17
nanocore,193.42.33.27,4242,193.42.32.0/23,uilovee.ddns.net,ddns.net,2023-10-16
redline,146.59.161.13,39199,146.59.0.0/16,,,2023-10-16
redline,77.91.124.80,46502,77.91.124.0/24,,,2023-10-16
nanocore,95.214.27.6,4984,95.214.27.0/24,sicoslanderfamilydog.gleeze.com,gleeze.com,2023-10-16
redline,116.203.156.63,28564,116.202.0.0/15,,,2023-10-15
redline,78.47.171.102,6264,78.46.0.0/15,,,2023-10-15
redline,94.156.6.228,43021,94.156.6.0/24,,,2023-10-14
redline,51.255.152.132,36011,51.255.128.0/17,,,2023-10-14
nanocore,194.180.48.119,4444,194.180.48.0/23,,,2023-10-13
redline,135.181.49.47,27356,135.181.0.0/16,,,2023-10-12
nanocore,81.161.229.107,7763,81.161.229.0/24,hondaza.duckdns.org,duckdns.org,2023-10-11
redline,95.217.14.200,23989,95.216.0.0/15,,,2023-10-11
redline,38.181.25.43,3325,38.181.16.0/20,,,2023-10-10
redline,149.248.44.40,26069,149.248.0.0/18,,,2023-10-10
redline,176.123.4.46,33783,176.123.0.0/21,,,2023-10-09
redline,45.81.39.134,24980,45.81.39.0/24,,,2023-10-08
redline,45.15.156.21,3682,45.15.156.0/24,,,2023-10-07
redline,82.115.223.222,18188,82.115.223.0/24,,,2023-10-07
nanocore,45.66.230.22,54984,45.66.230.0/24,fgudhiiugiufgifufgihdhuidfxgd.duckdns.org,duckdns.org,2023-10-06
redline,176.113.115.203,4390,176.113.115.0/24,,,2023-10-05
redline,45.32.125.105,42822,45.32.0.0/16,,,2023-10-04
nanocore,45.66.230.22,54984,45.66.230.0/24,backupcraft.ddns.net,ddns.net,2023-10-04
redline,80.85.152.191,27465,80.85.152.0/23,,,2023-10-03
redline,77.91.124.55,19071,77.91.124.0/24,,,2023-10-03
nanocore,104.250.181.155,9036,104.250.181.0/24,titus.casacam.net,casacam.net,2023-10-03
redline,146.59.10.173,45035,146.59.0.0/16,,,2023-09-29
nanocore,2.59.254.205,3078,2.59.254.0/24,newnanpeople.duckdns.org,duckdns.org,2023-09-29
redline,77.232.38.234,80,77.232.36.0/22,,,2023-09-28
redline,65.108.20.202,34889,65.108.0.0/15,,,2023-09-28
redline,77.91.124.151,44308,77.91.124.0/24,,,2023-09-28
redline,185.225.74.51,44767,185.225.74.0/23,,,2023-09-28
redline,77.91.124.82,19071,77.91.124.0/24,,,2023-09-26
redline,64.40.154.6,36512,64.40.154.0/24,,,2023-09-26
redline,5.42.64.63,19123,5.42.64.0/22,,,2023-09-25
nanocore,103.212.81.155,47216,103.212.81.0/24,,,2023-09-25
redline,51.38.95.107,42494,51.38.0.0/16,,,2023-09-24
redline,5.180.81.207,36577,5.180.81.0/24,,,2023-09-23
redline,95.217.64.18,12411,95.216.0.0/15,,,2023-09-23
redline,194.169.175.232,45450,194.169.175.0/24,,,2023-09-23
redline,176.123.9.142,14845,176.123.8.0/22,,,2023-09-23
redline,89.23.100.43,15974,89.23.100.0/23,,,2023-09-22
redline,103.145.253.245,20451,103.145.252.0/22,,,2023-09-20
redline,65.109.178.6,6079,65.108.0.0/15,,,2023-09-20
nanocore,45.81.39.98,4444,45.81.39.0/24,babaface.duckdns.org,duckdns.org,2023-09-20
redline,20.0.54.48,5810,20.0.0.0/11,,,2023-09-20
redline,185.215.113.25,10195,185.215.113.0/24,,,2023-09-19
nanocore,194.180.48.209,8209,194.180.48.0/23,kopping.duckdns.org,duckdns.org,2023-09-18
nanocore,79.110.62.170,4445,79.110.62.0/24,,,2023-09-18
nanocore,91.193.75.135,7245,91.193.75.0/24,7245.ddns.net,ddns.net,2023-09-18
redline,192.248.145.110,2206,192.248.128.0/18,,,2023-09-17
nanocore,46.1.55.35,4782,46.1.54.0/23,urregular.ddnsgeek.com,ddnsgeek.com,2023-09-17
redline,193.233.164.186,16808,193.233.164.0/24,,,2023-09-17
redline,91.103.252.165,5977,91.103.252.0/24,,,2023-09-15
nanocore,194.180.48.209,8209,194.180.48.0/23,thecookieisthere.duckdns.org,duckdns.org,2023-09-15
redline,15.235.130.167,30947,15.235.0.0/16,,,2023-09-15
nanocore,141.98.6.9,5490,141.98.6.0/24,,,2023-09-15
nanocore,141.98.6.167,5837,141.98.6.0/24,,,2023-09-14
redline,89.23.98.75,45768,89.23.96.0/22,,,2023-09-14
nanocore,2.59.254.111,54357,2.59.254.0/24,slucasanderson.ddns.net,ddns.net,2023-09-14
nanocore,94.156.102.196,28288,94.156.102.0/24,henzy.ddns.net,ddns.net,2023-09-13
nanocore,42.117.107.194,9246,42.117.96.0/19,xdanetnow.duckdns.org,duckdns.org,2023-09-13
redline,136.244.105.184,31620,136.244.64.0/18,,,2023-09-13
nanocore,38.170.239.42,1012,38.170.236.0/22,xpnano091123.ddns.net,ddns.net,2023-09-13
redline,142.132.181.20,31080,142.132.128.0/17,,,2023-09-12
redline,85.209.3.13,11290,85.209.3.0/24,amadapi.tuktuk.ug,tuktuk.ug,2023-09-11
redline,5.180.81.207,7055,5.180.81.0/24,,,2023-09-11
redline,194.169.175.232,45450,194.169.175.0/24,amadapi.tuktuk.ug,tuktuk.ug,2023-09-11
redline,142.132.181.20,31080,142.132.128.0/17,amadapi.tuktuk.ug,tuktuk.ug,2023-09-10
redline,85.209.3.13,11290,85.209.3.0/24,,,2023-09-10
redline,51.89.253.22,31098,51.89.0.0/16,,,2023-09-10
redline,51.89.253.22,31098,51.89.0.0/16,amadapi.tuktuk.ug,tuktuk.ug,2023-09-10
redline,94.142.138.191,2369,94.142.138.0/24,,,2023-09-10
redline,38.181.25.43,3325,38.181.16.0/20,amadapi.tuktuk.ug,tuktuk.ug,2023-09-10
redline,95.214.24.103,1949,95.214.24.0/24,,,2023-09-09
nanocore,103.212.81.152,6141,103.212.81.0/24,6141.ddns.net,ddns.net,2023-09-09
nanocore,103.212.81.152,7689,103.212.81.0/24,7689.ddns.net,ddns.net,2023-09-09
nanocore,194.180.48.119,4444,194.180.48.0/23,discojockeylight.duckdns.org,duckdns.org,2023-09-09
redline,91.103.252.180,16711,91.103.252.0/24,,,2023-09-08
redline,176.123.9.142,14845,176.123.8.0/22,amadapi.tuktuk.ug,tuktuk.ug,2023-09-08
redline,85.209.3.13,11290,85.209.3.0/24,sept7ama.tuktuk.ug,tuktuk.ug,2023-09-07
redline,176.123.9.142,14845,176.123.8.0/22,sept6amd.tuktuk.ug,tuktuk.ug,2023-09-07
redline,85.209.3.13,11290,85.209.3.0/24,sept6amd.tuktuk.ug,tuktuk.ug,2023-09-06
redline,176.123.9.142,14845,176.123.8.0/22,sept5amd.tuktuk.ug,tuktuk.ug,2023-09-06
redline,85.209.3.13,11290,85.209.3.0/24,sept5amd.tuktuk.ug,tuktuk.ug,2023-09-06
redline,91.103.252.61,36740,91.103.252.0/24,,,2023-09-05
redline,85.209.3.13,11290,85.209.3.0/24,sept5rcn.tuktuk.ug,tuktuk.ug,2023-09-05
redline,51.89.253.22,31098,51.89.0.0/16,sept4ama.tuktuk.ug,tuktuk.ug,2023-09-05
redline,85.209.3.13,11290,85.209.3.0/24,sept4ama.tuktuk.ug,tuktuk.ug,2023-09-05
nanocore,91.192.100.5,9387,91.192.100.0/23,atelilian99.ddns.net,ddns.net,2023-09-05
redline,172.86.70.168,37108,172.86.70.0/24,,,2023-09-05
redline,176.123.9.142,14845,176.123.8.0/22,sept4ama.tuktuk.ug,tuktuk.ug,2023-09-05
nanocore,194.147.140.157,50720,194.147.140.0/24,percolysrl2.ddns.net,ddns.net,2023-09-05
nanocore,91.192.100.38,48405,91.192.100.0/23,aliresulthostlogininc.duckdns.org,duckdns.org,2023-08-26
redline,149.202.0.242,31728,149.202.0.0/16,,,2023-08-25
redline,91.103.252.39,7899,91.103.252.0/24,,,2023-08-25
redline,162.55.189.218,26952,162.55.0.0/16,,,2023-08-24
nanocore,103.212.81.160,48405,103.212.81.0/24,aliresulthostlogininc.duckdns.org,duckdns.org,2023-08-23
redline,139.99.118.5,36008,139.99.0.0/16,,,2023-08-22
redline,94.228.169.106,1266,94.228.168.0/23,,,2023-08-22
redline,94.142.138.147,48665,94.142.138.0/24,,,2023-08-21
nanocore,103.212.81.152,6191,103.212.81.0/24,6191.ddns.net,ddns.net,2023-08-21
nanocore,194.147.140.141,50720,194.147.140.0/24,percolysrl2.ddns.net,ddns.net,2023-08-21
redline,80.92.205.102,11542,80.92.204.0/23,,,2023-08-17
redline,51.83.170.21,19447,51.83.0.0/16,,,2023-08-17
nanocore,103.114.104.81,54984,103.114.104.0/22,macarenaluis.hopto.org,hopto.org,2023-08-16
nanocore,147.185.221.16,21534,147.185.221.0/24,volume-breeding.gl.at.ply.gg,ply.gg,2023-08-16
redline,101.99.92.59,34511,101.99.92.0/22,,,2023-08-16
redline,95.214.55.181,36116,95.214.55.128/26,,,2023-08-13
redline,94.142.138.167,19615,94.142.138.0/24,,,2023-08-13
redline,89.23.98.143,11627,89.23.96.0/22,,,2023-08-13
redline,209.250.242.222,27532,209.250.224.0/19,,,2023-08-11
redline,136.244.98.226,33587,136.244.64.0/18,,,2023-08-11
redline,85.209.3.12,11615,85.209.3.0/24,dmg.allwesoft.com,allwesoft.com,2023-08-11
redline,91.103.252.194,39150,91.103.252.0/24,,,2023-08-10
redline,185.225.73.32,14387,185.225.73.0/24,,,2023-08-10
redline,80.85.157.78,28552,80.85.156.0/22,,,2023-08-10
redline,185.218.3.123,13489,185.218.3.0/24,,,2023-08-10
redline,91.103.252.216,20411,91.103.252.0/24,,,2023-08-10
redline,209.250.248.11,33522,209.250.224.0/19,,,2023-08-10
redline,140.99.186.75,41942,140.99.186.0/23,,,2023-08-10
redline,101.99.92.36,20203,101.99.92.0/22,,,2023-08-09
redline,77.105.136.154,41810,77.105.136.0/21,,,2023-08-09
nanocore,82.64.201.36,54984,82.64.0.0/14,alexbp.ddns.net,ddns.net,2023-08-08
nanocore,79.134.225.9,1620,79.134.224.0/23,maxlogs.webhop.me,webhop.me,2023-08-08
redline,81.19.131.31,7032,81.19.131.0/24,,,2023-08-07
redline,45.135.167.6,48850,45.135.167.0/24,,,2023-08-07
redline,77.91.124.172,19071,77.91.124.0/24,,,2023-08-06
nanocore,12.202.180.134,8550,12.202.176.0/21,justkowir.duckdns.org,duckdns.org,2023-08-05
nanocore,167.235.75.225,7490,167.235.0.0/16,mup830634.duckdns.org,duckdns.org,2023-08-05
nanocore,94.156.6.225,4040,94.156.6.0/24,chibuikemusic.duckdns.org,duckdns.org,2023-08-03
nanocore,91.193.75.133,1574,91.193.75.0/24,1574.hopto.org,hopto.org,2023-08-02
nanocore,212.193.30.230,4984,212.193.30.0/24,sicoslanderfamilydog.gleeze.com,gleeze.com,2023-08-02
nanocore,167.235.75.225,7594,167.235.0.0/16,mbkmoney604.duckdns.org,duckdns.org,2023-07-31
nanocore,194.147.140.139,1620,194.147.140.0/24,maxlogs.webhop.me,webhop.me,2023-07-28
nanocore,212.193.30.230,61715,212.193.30.0/24,december2nd.ddns.net,ddns.net,2023-07-27
nanocore,103.212.81.152,4654,103.212.81.0/24,,,2023-07-27
nanocore,192.121.102.38,57788,192.121.102.0/24,secur3.duckdns.org,duckdns.org,2023-07-24
nanocore,77.153.188.104,54984,77.144.0.0/12,hkmtdr.ddns.net,ddns.net,2023-07-22
nanocore,91.193.75.249,23591,91.193.75.0/24,wqqkgzmrdwxl8j.duckdns.org,duckdns.org,2023-07-21
nanocore,141.98.6.167,4032,141.98.6.0/24,jasonbourneblack.ddns.net,ddns.net,2023-07-21
nanocore,109.206.242.17,4141,109.206.242.0/24,uilove.ddns.net,ddns.net,2023-07-18
nanocore,194.147.140.133,50720,194.147.140.0/24,percolysrl2.ddns.net,ddns.net,2023-07-17
nanocore,103.212.81.155,23591,103.212.81.0/24,wqqkgzmrdwxl8j.duckdns.org,duckdns.org,2023-07-12
nanocore,185.252.179.198,8282,185.252.179.0/24,,,2023-07-11
nanocore,103.212.81.157,23591,103.212.81.0/24,wqqkgzmrdwxl8j.duckdns.org,duckdns.org,2023-07-11
nanocore,212.193.30.230,6060,212.193.30.0/24,nonoise.duckdns.org,duckdns.org,2023-07-10
nanocore,185.252.179.198,8282,185.252.179.0/24,patyneduchez3212.duckdns.org,duckdns.org,2023-07-09
nanocore,209.25.141.212,45203,209.25.140.0/22,and-tim.at.ply.gg,ply.gg,2023-07-07
nanocore,91.192.100.6,8844,91.192.100.0/23,,,2023-07-06
nanocore,213.152.161.138,3658,213.152.160.0/21,,,2023-07-04
nanocore,212.193.30.230,9387,212.193.30.0/24,atelilian99.ddns.net,ddns.net,2023-07-04
nanocore,141.255.152.96,1991,141.255.144.0/20,khalil3131.ddns.net,ddns.net,2023-07-03
nanocore,91.109.190.2,1991,91.109.176.0/20,khalil3131.ddns.net,ddns.net,2023-07-02
nanocore,91.109.184.9,1991,91.109.176.0/20,khalil3131.ddns.net,ddns.net,2023-07-02
nanocore,141.255.156.145,1991,141.255.144.0/20,khalil3131.ddns.net,ddns.net,2023-07-02
nanocore,3.125.102.39,29052,3.120.0.0/13,1.tcp.eu.ngrok.io,ngrok.io,2023-06-20
nanocore,24.199.85.225,6349,24.199.64.0/18,sneakerpop.bounceme.net,bounceme.net,2023-06-19
nanocore,45.88.67.63,6060,45.88.67.0/24,nonoise.duckdns.org,duckdns.org,2023-06-19
nanocore,24.199.85.225,4137,24.199.64.0/18,hadleyshope.3utilities.com,3utilities.com,2023-06-19
nanocore,24.199.85.225,8273,24.199.64.0/18,mphlabs.ddns.net,ddns.net,2023-06-17
nanocore,45.137.22.133,5899,45.137.20.0/22,ucnano180523.ddns.net,ddns.net,2023-06-14
nanocore,3.145.201.105,3637,3.144.0.0/13,muna001.duckdns.org,duckdns.org,2023-06-11
nanocore,198.12.123.17,6700,198.12.64.0/18,celesperial.ddns.net,ddns.net,2023-06-11
nanocore,193.56.29.145,8550,193.56.28.0/23,justkowir.duckdns.org,duckdns.org,2023-06-10
nanocore,82.66.202.142,53896,82.64.0.0/14,ratcentho.ddns.net,ddns.net,2023-06-09
nanocore,91.207.57.115,13838,91.207.56.0/23,nserv.anondns.net,anondns.net,2023-06-06
nanocore,5.252.165.230,28289,5.252.165.0/24,timmy08.ddns.net,ddns.net,2023-06-02
nanocore,213.152.161.40,21942,213.152.160.0/21,dinowar.anondns.net,anondns.net,2023-06-01
nanocore,91.192.100.7,54984,91.192.100.0/23,iphy1.duckdns.org,duckdns.org,2023-05-31
nanocore,3.136.65.236,15220,3.128.0.0/12,4.tcp.ngrok.io,ngrok.io,2023-05-30
nanocore,213.152.162.181,9387,213.152.160.0/21,atelilian99.ddns.net,ddns.net,2023-05-30
nanocore,194.147.140.133,1092,194.147.140.0/24,1092.hopto.org,hopto.org,2023-05-26
nanocore,91.192.100.7,1620,91.192.100.0/23,maxlogs.webhop.me,webhop.me,2023-05-22
nanocore,103.212.81.151,58876,103.212.81.0/24,cotthwilen51.ddns.net,ddns.net,2023-05-22
nanocore,45.12.253.242,5899,45.12.253.0/24,ucnano180523.ddns.net,ddns.net,2023-05-22
nanocore,209.25.141.224,12008,209.25.140.0/22,insurance-agencies.at.ply.gg,ply.gg,2023-05-21
nanocore,45.88.67.63,63882,45.88.67.0/24,staywicked99.ddns.net,ddns.net,2023-05-19
nanocore,194.87.151.236,4334,194.87.151.0/24,jix37.duckdns.org,duckdns.org,2023-05-18
nanocore,67.164.193.74,8273,67.160.0.0/13,mphlabs.ddns.net,ddns.net,2023-05-17
nanocore,3.145.201.105,3436,3.144.0.0/13,kala007.duckdns.org,duckdns.org,2023-05-16
nanocore,213.152.161.138,3648,213.152.160.0/21,,,2023-05-15
nanocore,82.130.171.45,5555,82.130.128.0/18,anunankis1.duckdns.org,duckdns.org,2023-05-13
nanocore,192.253.241.112,55420,192.253.241.0/24,innocentbooii.hopto.org,hopto.org,2023-05-13
nanocore,46.246.86.210,54984,46.246.64.0/18,faq.medecinsansfrontiere.fr,medecinsansfrontiere.fr,2023-05-13
nanocore,91.193.75.131,1116,91.193.75.0/24,1116.hopto.org,hopto.org,2023-05-04
nanocore,107.182.128.9,6636,107.182.128.0/24,arkseven7003.ddns.net,ddns.net,2023-05-04
nanocore,107.182.128.9,7727,107.182.128.0/24,arkseven7002.ddns.net,ddns.net,2023-05-04
nanocore,177.67.82.66,5000,177.67.80.0/21,,,2023-05-01
nanocore,3.6.98.232,16968,3.6.0.0/15,0.tcp.in.ngrok.io,ngrok.io,2023-04-25
nanocore,3.6.30.85,16968,3.6.0.0/15,0.tcp.in.ngrok.io,ngrok.io,2023-04-25
nanocore,3.6.115.64,16968,3.6.0.0/15,0.tcp.in.ngrok.io,ngrok.io,2023-04-25
nanocore,213.152.161.138,3672,213.152.160.0/21,,,2023-04-21
nanocore,95.214.27.236,7008,95.214.27.0/24,ayranger10.ddns.net,ddns.net,2023-04-21
nanocore,159.223.171.199,22550,159.223.128.0/18,bore.pub,bore.pub,2023-04-20
nanocore,208.67.107.146,28288,208.67.104.0/22,,,2023-04-20
nanocore,159.223.171.199,22282,159.223.128.0/18,bore.pub,bore.pub,2023-04-18
nanocore,159.223.171.199,3404,159.223.128.0/18,bore.pub,bore.pub,2023-04-18
nanocore,165.227.31.192,22429,165.227.0.0/16,us-west-11608.packetriot.net,packetriot.net,2023-04-17
nanocore,31.210.55.103,41480,31.210.55.0/24,tr1.localtonet.com,localtonet.com,2023-04-17
nanocore,31.210.55.103,43673,31.210.55.0/24,tr1.localtonet.com,localtonet.com,2023-04-17
nanocore,91.166.222.211,16383,91.160.0.0/12,microsoftservicev55.hopto.org,hopto.org,2023-04-15
nanocore,152.89.218.40,54984,152.89.216.0/22,,,2023-04-12
nanocore,91.192.100.4,3531,91.192.100.0/23,iyhto.ddns.net,ddns.net,2023-04-8
nanocore,104.168.65.245,5498,104.168.0.0/17,,,2023-04-3
nanocore,185.254.37.72,2025,185.254.37.0/24,nanjuly.duckdns.org,duckdns.org,2023-04-1
nanocore,212.193.30.230,40111,212.193.30.0/24,december2n.duckdns.org,duckdns.org,2023-03-30
nanocore,45.14.165.113,5709,45.14.165.0/24,slave01.duckdns.org,duckdns.org,2023-03-28
nanocore,45.137.65.229,5050,45.137.64.0/22,crotac.duckdns.org,duckdns.org,2023-03-24
nanocore,103.176.111.90,8550,103.176.110.0/23,justkowir.duckdns.org,duckdns.org,2023-03-23
nanocore,91.193.75.135,16554,91.193.75.0/24,williamscomputer101.ddns.net,duckdns.org,2023-03-22
nanocore,46.183.220.115,31740,46.183.216.0/21,claude111.duckdns.org,duckdns.org,2023-03-22
nanocore,77.92.253.196,3377,77.92.224.0/19,battlewow.us.to,us.to,2023-03-22
nanocore,209.182.100.23,40001,209.182.100.0/24,stevewells.hopto.org,hopto.org,2023-03-22
